"source","target","count"
"07YUOmWljBTXwIseAUd9TW","0ZHPrnImGh4re3TbSNkoZl",3
"07YUOmWljBTXwIseAUd9TW","0vR2qb8m9WHeZ5ByCbimq2",3
"07YUOmWljBTXwIseAUd9TW","5C4PDR4LnhZTbVnKWXuDKD",3
"07YUOmWljBTXwIseAUd9TW","5DUlefCLzVRzNWaNURTFpK",9
"07YUOmWljBTXwIseAUd9TW","5J7rXWjtn5HzUkJ4Jet8Fr",6
"07YUOmWljBTXwIseAUd9TW","5M9Bb4adKAgrOFOhc05Y50",6
"07YUOmWljBTXwIseAUd9TW","5xSx2FM8mQnrfgM1QsHniB",6
"07YUOmWljBTXwIseAUd9TW","7eLcDZDYHXZCebtQmVFL25",9
"0AqlFI0tz2DsEoJlKSIiT9","2UZIAOlrnyZmyzt1nuXr9y",2
"0AqlFI0tz2DsEoJlKSIiT9","4PzYKhC14sTJNEr0dzoo0d",1
"0AqlFI0tz2DsEoJlKSIiT9","5UN0rzL594mWY2RbOtZqIN",1
"0AqlFI0tz2DsEoJlKSIiT9","7eLcDZDYHXZCebtQmVFL25",1
"0AqlFI0tz2DsEoJlKSIiT9","7vXDAI8JwjW531ouMGbfcp",2
"0CQgFG7XHyXRpSi24kl0cx","0P9kGWWUX38kvwbqMePLBr",4
"0CQgFG7XHyXRpSi24kl0cx","1WLEfsQjvgtFSGkrHonzFX",20
"0CQgFG7XHyXRpSi24kl0cx","3E3qsTzCvTX13A1Zrw7Wnf",4
"0CQgFG7XHyXRpSi24kl0cx","3MRynBsyLGzv3IQ9Fip6hO",4
"0CQgFG7XHyXRpSi24kl0cx","4jKvQ93sRiKroRRaAI6Fqk",4
"0CQgFG7XHyXRpSi24kl0cx","7eLcDZDYHXZCebtQmVFL25",8
"0P9kGWWUX38kvwbqMePLBr","0CQgFG7XHyXRpSi24kl0cx",1
"0P9kGWWUX38kvwbqMePLBr","4jKvQ93sRiKroRRaAI6Fqk",1
"0P9kGWWUX38kvwbqMePLBr","7eLcDZDYHXZCebtQmVFL25",1
"0ZHPrnImGh4re3TbSNkoZl","07YUOmWljBTXwIseAUd9TW",2
"0ZHPrnImGh4re3TbSNkoZl","0vR2qb8m9WHeZ5ByCbimq2",2
"0ZHPrnImGh4re3TbSNkoZl","3bvfu2KAve4lPHrhEFDZna",1
"0ZHPrnImGh4re3TbSNkoZl","4ckWVaYN8j0EZrNFRHmxZx",1
"0ZHPrnImGh4re3TbSNkoZl","5C4PDR4LnhZTbVnKWXuDKD",2
"0ZHPrnImGh4re3TbSNkoZl","5DUlefCLzVRzNWaNURTFpK",1
"0ZHPrnImGh4re3TbSNkoZl","5M9Bb4adKAgrOFOhc05Y50",2
"0vR2qb8m9WHeZ5ByCbimq2","0ZHPrnImGh4re3TbSNkoZl",1
"0vR2qb8m9WHeZ5ByCbimq2","5C4PDR4LnhZTbVnKWXuDKD",1
"0vR2qb8m9WHeZ5ByCbimq2","7eLcDZDYHXZCebtQmVFL25",1
"0vR2qb8m9WHeZ5ByCbimq2","7vXDAI8JwjW531ouMGbfcp",1
"1WLEfsQjvgtFSGkrHonzFX","0CQgFG7XHyXRpSi24kl0cx",24
"1WLEfsQjvgtFSGkrHonzFX","3E3qsTzCvTX13A1Zrw7Wnf",6
"1WLEfsQjvgtFSGkrHonzFX","3MRynBsyLGzv3IQ9Fip6hO",6
"1WLEfsQjvgtFSGkrHonzFX","4jKvQ93sRiKroRRaAI6Fqk",6
"1WLEfsQjvgtFSGkrHonzFX","7eLcDZDYHXZCebtQmVFL25",18
"1fURW117sgaPpgIoz8YLXW","1hus2QLWtdEpTUSgopRRZq",65
"1fURW117sgaPpgIoz8YLXW","7eLcDZDYHXZCebtQmVFL25",1
"1hus2QLWtdEpTUSgopRRZq","1fURW117sgaPpgIoz8YLXW",62
"1hus2QLWtdEpTUSgopRRZq","7eLcDZDYHXZCebtQmVFL25",1
"2IMZYfNi21MGqxopj9fWx8","2UZIAOlrnyZmyzt1nuXr9y",2
"2IMZYfNi21MGqxopj9fWx8","52iwsT98xCoGgiGntTiR7K",2
"2IMZYfNi21MGqxopj9fWx8","7eLcDZDYHXZCebtQmVFL25",2
"2UZIAOlrnyZmyzt1nuXr9y","0AqlFI0tz2DsEoJlKSIiT9",8
"2UZIAOlrnyZmyzt1nuXr9y","2IMZYfNi21MGqxopj9fWx8",8
"2UZIAOlrnyZmyzt1nuXr9y","5J7rXWjtn5HzUkJ4Jet8Fr",4
"2UZIAOlrnyZmyzt1nuXr9y","5UN0rzL594mWY2RbOtZqIN",4
"2UZIAOlrnyZmyzt1nuXr9y","7eLcDZDYHXZCebtQmVFL25",4
"2wY79sveU1sp5g7SokKOiI","7eLcDZDYHXZCebtQmVFL25",2
"3E3qsTzCvTX13A1Zrw7Wnf","0CQgFG7XHyXRpSi24kl0cx",2
"3E3qsTzCvTX13A1Zrw7Wnf","1WLEfsQjvgtFSGkrHonzFX",2
"3E3qsTzCvTX13A1Zrw7Wnf","4jKvQ93sRiKroRRaAI6Fqk",4
"3E3qsTzCvTX13A1Zrw7Wnf","5AMBCoLbNgVCbA3XYMRlks",2
"3E3qsTzCvTX13A1Zrw7Wnf","7eLcDZDYHXZCebtQmVFL25",2
"3MRynBsyLGzv3IQ9Fip6hO","0CQgFG7XHyXRpSi24kl0cx",6
"3MRynBsyLGzv3IQ9Fip6hO","1WLEfsQjvgtFSGkrHonzFX",6
"3MRynBsyLGzv3IQ9Fip6hO","5AMBCoLbNgVCbA3XYMRlks",3
"3MRynBsyLGzv3IQ9Fip6hO","5dbaLmK5SHLLg8Z4CcTJpX",6
"3MRynBsyLGzv3IQ9Fip6hO","7eLcDZDYHXZCebtQmVFL25",18
"3MRynBsyLGzv3IQ9Fip6hO","7vXDAI8JwjW531ouMGbfcp",6
"3bvfu2KAve4lPHrhEFDZna","0AqlFI0tz2DsEoJlKSIiT9",1
"3bvfu2KAve4lPHrhEFDZna","0ZHPrnImGh4re3TbSNkoZl",3
"3bvfu2KAve4lPHrhEFDZna","52iwsT98xCoGgiGntTiR7K",2
"3bvfu2KAve4lPHrhEFDZna","5N3YDBGT2gUzXgLDTwPRi5",1
"3bvfu2KAve4lPHrhEFDZna","5UN0rzL594mWY2RbOtZqIN",1
"3bvfu2KAve4lPHrhEFDZna","5xSx2FM8mQnrfgM1QsHniB",2
"3bvfu2KAve4lPHrhEFDZna","7vXDAI8JwjW531ouMGbfcp",3
"4PzYKhC14sTJNEr0dzoo0d","0AqlFI0tz2DsEoJlKSIiT9",1
"4PzYKhC14sTJNEr0dzoo0d","6jJ0s89eD6GaHleKKya26X",1
"4ckWVaYN8j0EZrNFRHmxZx","0ZHPrnImGh4re3TbSNkoZl",1
"4ckWVaYN8j0EZrNFRHmxZx","7D62OQfwvslnxJn9DkZm2F",1
"4ckWVaYN8j0EZrNFRHmxZx","7eLcDZDYHXZCebtQmVFL25",1
"4jKvQ93sRiKroRRaAI6Fqk","0CQgFG7XHyXRpSi24kl0cx",2
"4jKvQ93sRiKroRRaAI6Fqk","0P9kGWWUX38kvwbqMePLBr",2
"4jKvQ93sRiKroRRaAI6Fqk","1WLEfsQjvgtFSGkrHonzFX",2
"4jKvQ93sRiKroRRaAI6Fqk","3E3qsTzCvTX13A1Zrw7Wnf",4
"4jKvQ93sRiKroRRaAI6Fqk","7eLcDZDYHXZCebtQmVFL25",4
"52iwsT98xCoGgiGntTiR7K","2IMZYfNi21MGqxopj9fWx8",2
"52iwsT98xCoGgiGntTiR7K","3bvfu2KAve4lPHrhEFDZna",1
"52iwsT98xCoGgiGntTiR7K","5J7rXWjtn5HzUkJ4Jet8Fr",1
"52iwsT98xCoGgiGntTiR7K","6JaOGIlSvYswVLPmGUheOO",1
"52iwsT98xCoGgiGntTiR7K","7eLcDZDYHXZCebtQmVFL25",2
"52qzWdNUp6ebjcNsvgZSiC","7eLcDZDYHXZCebtQmVFL25",1
"5AMBCoLbNgVCbA3XYMRlks","3E3qsTzCvTX13A1Zrw7Wnf",1
"5AMBCoLbNgVCbA3XYMRlks","3MRynBsyLGzv3IQ9Fip6hO",1
"5AMBCoLbNgVCbA3XYMRlks","7eLcDZDYHXZCebtQmVFL25",1
"5C4PDR4LnhZTbVnKWXuDKD","07YUOmWljBTXwIseAUd9TW",4
"5C4PDR4LnhZTbVnKWXuDKD","0ZHPrnImGh4re3TbSNkoZl",2
"5C4PDR4LnhZTbVnKWXuDKD","0vR2qb8m9WHeZ5ByCbimq2",2
"5C4PDR4LnhZTbVnKWXuDKD","5DUlefCLzVRzNWaNURTFpK",4
"5C4PDR4LnhZTbVnKWXuDKD","5xSx2FM8mQnrfgM1QsHniB",6
"5C4PDR4LnhZTbVnKWXuDKD","7eLcDZDYHXZCebtQmVFL25",4
"5DUlefCLzVRzNWaNURTFpK","07YUOmWljBTXwIseAUd9TW",15
"5DUlefCLzVRzNWaNURTFpK","0ZHPrnImGh4re3TbSNkoZl",6
"5DUlefCLzVRzNWaNURTFpK","0vR2qb8m9WHeZ5ByCbimq2",9
"5DUlefCLzVRzNWaNURTFpK","5dbaLmK5SHLLg8Z4CcTJpX",9
"5DUlefCLzVRzNWaNURTFpK","5gOJTI4TusSENizxhcG7jB",6
"5DUlefCLzVRzNWaNURTFpK","5xSx2FM8mQnrfgM1QsHniB",15
"5DUlefCLzVRzNWaNURTFpK","7eLcDZDYHXZCebtQmVFL25",9
"5J7rXWjtn5HzUkJ4Jet8Fr","07YUOmWljBTXwIseAUd9TW",2
"5J7rXWjtn5HzUkJ4Jet8Fr","2UZIAOlrnyZmyzt1nuXr9y",1
"5J7rXWjtn5HzUkJ4Jet8Fr","52iwsT98xCoGgiGntTiR7K",3
"5J7rXWjtn5HzUkJ4Jet8Fr","5lWasZeo8uWQk6GD8czJLq",3
"5M9Bb4adKAgrOFOhc05Y50","07YUOmWljBTXwIseAUd9TW",1
"5M9Bb4adKAgrOFOhc05Y50","5N3YDBGT2gUzXgLDTwPRi5",3
"5M9Bb4adKAgrOFOhc05Y50","7D62OQfwvslnxJn9DkZm2F",1
"5M9Bb4adKAgrOFOhc05Y50","7eLcDZDYHXZCebtQmVFL25",3
"5N3YDBGT2gUzXgLDTwPRi5","3bvfu2KAve4lPHrhEFDZna",1
"5N3YDBGT2gUzXgLDTwPRi5","5M9Bb4adKAgrOFOhc05Y50",1
"5N3YDBGT2gUzXgLDTwPRi5","7eLcDZDYHXZCebtQmVFL25",1
"5UN0rzL594mWY2RbOtZqIN","0AqlFI0tz2DsEoJlKSIiT9",1
"5UN0rzL594mWY2RbOtZqIN","3bvfu2KAve4lPHrhEFDZna",2
"5UN0rzL594mWY2RbOtZqIN","7eLcDZDYHXZCebtQmVFL25",1
"5XsWrYhwadPBjW20qYbdZg","5xSx2FM8mQnrfgM1QsHniB",2
"5XsWrYhwadPBjW20qYbdZg","7eLcDZDYHXZCebtQmVFL25",2
"5dbaLmK5SHLLg8Z4CcTJpX","5DUlefCLzVRzNWaNURTFpK",3
"5dbaLmK5SHLLg8Z4CcTJpX","5xSx2FM8mQnrfgM1QsHniB",1
"5dbaLmK5SHLLg8Z4CcTJpX","6i3DxIlAqnDkwELLw4aVrx",1
"5dbaLmK5SHLLg8Z4CcTJpX","7vXDAI8JwjW531ouMGbfcp",1
"5gOJTI4TusSENizxhcG7jB","07YUOmWljBTXwIseAUd9TW",1
"5gOJTI4TusSENizxhcG7jB","5dbaLmK5SHLLg8Z4CcTJpX",1
"5gOJTI4TusSENizxhcG7jB","5xSx2FM8mQnrfgM1QsHniB",1
"5gOJTI4TusSENizxhcG7jB","7eLcDZDYHXZCebtQmVFL25",3
"5gOJTI4TusSENizxhcG7jB","7vXDAI8JwjW531ouMGbfcp",1
"5lWasZeo8uWQk6GD8czJLq","5J7rXWjtn5HzUkJ4Jet8Fr",1
"5lWasZeo8uWQk6GD8czJLq","7eLcDZDYHXZCebtQmVFL25",2
"5xSx2FM8mQnrfgM1QsHniB","07YUOmWljBTXwIseAUd9TW",6
"5xSx2FM8mQnrfgM1QsHniB","3bvfu2KAve4lPHrhEFDZna",2
"5xSx2FM8mQnrfgM1QsHniB","4PzYKhC14sTJNEr0dzoo0d",4
"5xSx2FM8mQnrfgM1QsHniB","5C4PDR4LnhZTbVnKWXuDKD",4
"5xSx2FM8mQnrfgM1QsHniB","5DUlefCLzVRzNWaNURTFpK",6
"5xSx2FM8mQnrfgM1QsHniB","5XsWrYhwadPBjW20qYbdZg",2
"5xSx2FM8mQnrfgM1QsHniB","5dbaLmK5SHLLg8Z4CcTJpX",2
"5xSx2FM8mQnrfgM1QsHniB","5gOJTI4TusSENizxhcG7jB",2
"5xSx2FM8mQnrfgM1QsHniB","7eLcDZDYHXZCebtQmVFL25",4
"6JaOGIlSvYswVLPmGUheOO","52iwsT98xCoGgiGntTiR7K",1
"6i3DxIlAqnDkwELLw4aVrx","5dbaLmK5SHLLg8Z4CcTJpX",2
"6i3DxIlAqnDkwELLw4aVrx","7eLcDZDYHXZCebtQmVFL25",2
"6jJ0s89eD6GaHleKKya26X","2o5jDhtHVPhrJdv3cEQ99Z",1
"6jJ0s89eD6GaHleKKya26X","4PzYKhC14sTJNEr0dzoo0d",1
"6jJ0s89eD6GaHleKKya26X","7eLcDZDYHXZCebtQmVFL25",1
"7D62OQfwvslnxJn9DkZm2F","4ckWVaYN8j0EZrNFRHmxZx",1
"7D62OQfwvslnxJn9DkZm2F","5M9Bb4adKAgrOFOhc05Y50",2
"7c53ZFyajVMTo08HmvoB6b","7eLcDZDYHXZCebtQmVFL25",1
"7dL0nOHwnSAsNAwpkPSGWP","7eLcDZDYHXZCebtQmVFL25",1
"7eLcDZDYHXZCebtQmVFL25","07YUOmWljBTXwIseAUd9TW",3
"7eLcDZDYHXZCebtQmVFL25","0AqlFI0tz2DsEoJlKSIiT9",1
"7eLcDZDYHXZCebtQmVFL25","0CQgFG7XHyXRpSi24kl0cx",2
"7eLcDZDYHXZCebtQmVFL25","0P9kGWWUX38kvwbqMePLBr",1
"7eLcDZDYHXZCebtQmVFL25","0ZHPrnImGh4re3TbSNkoZl",1
"7eLcDZDYHXZCebtQmVFL25","0vR2qb8m9WHeZ5ByCbimq2",1
"7eLcDZDYHXZCebtQmVFL25","1WLEfsQjvgtFSGkrHonzFX",3
"7eLcDZDYHXZCebtQmVFL25","1XEVu7gdRFfzEFqsPrancH",1
"7eLcDZDYHXZCebtQmVFL25","1fURW117sgaPpgIoz8YLXW",1
"7eLcDZDYHXZCebtQmVFL25","1hus2QLWtdEpTUSgopRRZq",1
"7eLcDZDYHXZCebtQmVFL25","2IMZYfNi21MGqxopj9fWx8",2
"7eLcDZDYHXZCebtQmVFL25","2UZIAOlrnyZmyzt1nuXr9y",4
"7eLcDZDYHXZCebtQmVFL25","2o5jDhtHVPhrJdv3cEQ99Z",1
"7eLcDZDYHXZCebtQmVFL25","2wY79sveU1sp5g7SokKOiI",1
"7eLcDZDYHXZCebtQmVFL25","3E3qsTzCvTX13A1Zrw7Wnf",1
"7eLcDZDYHXZCebtQmVFL25","3MRynBsyLGzv3IQ9Fip6hO",3
"7eLcDZDYHXZCebtQmVFL25","3Zs59sqZJ6fWQqWbRC8bOP",1
"7eLcDZDYHXZCebtQmVFL25","3bvfu2KAve4lPHrhEFDZna",1
"7eLcDZDYHXZCebtQmVFL25","4PzYKhC14sTJNEr0dzoo0d",1
"7eLcDZDYHXZCebtQmVFL25","4ckWVaYN8j0EZrNFRHmxZx",1
"7eLcDZDYHXZCebtQmVFL25","4jKvQ93sRiKroRRaAI6Fqk",2
"7eLcDZDYHXZCebtQmVFL25","52iwsT98xCoGgiGntTiR7K",1
"7eLcDZDYHXZCebtQmVFL25","52qzWdNUp6ebjcNsvgZSiC",1
"7eLcDZDYHXZCebtQmVFL25","5AMBCoLbNgVCbA3XYMRlks",1
"7eLcDZDYHXZCebtQmVFL25","5C4PDR4LnhZTbVnKWXuDKD",2
"7eLcDZDYHXZCebtQmVFL25","5DUlefCLzVRzNWaNURTFpK",3
"7eLcDZDYHXZCebtQmVFL25","5J7rXWjtn5HzUkJ4Jet8Fr",1
"7eLcDZDYHXZCebtQmVFL25","5M9Bb4adKAgrOFOhc05Y50",1
"7eLcDZDYHXZCebtQmVFL25","5N3YDBGT2gUzXgLDTwPRi5",1
"7eLcDZDYHXZCebtQmVFL25","5UN0rzL594mWY2RbOtZqIN",1
"7eLcDZDYHXZCebtQmVFL25","5XsWrYhwadPBjW20qYbdZg",1
"7eLcDZDYHXZCebtQmVFL25","5dbaLmK5SHLLg8Z4CcTJpX",1
"7eLcDZDYHXZCebtQmVFL25","5gOJTI4TusSENizxhcG7jB",1
"7eLcDZDYHXZCebtQmVFL25","5lWasZeo8uWQk6GD8czJLq",1
"7eLcDZDYHXZCebtQmVFL25","5xSx2FM8mQnrfgM1QsHniB",2
"7eLcDZDYHXZCebtQmVFL25","6JaOGIlSvYswVLPmGUheOO",1
"7eLcDZDYHXZCebtQmVFL25","6i3DxIlAqnDkwELLw4aVrx",2
"7eLcDZDYHXZCebtQmVFL25","6jJ0s89eD6GaHleKKya26X",1
"7eLcDZDYHXZCebtQmVFL25","7D62OQfwvslnxJn9DkZm2F",1
"7eLcDZDYHXZCebtQmVFL25","7c53ZFyajVMTo08HmvoB6b",1
"7eLcDZDYHXZCebtQmVFL25","7dL0nOHwnSAsNAwpkPSGWP",1
"7eLcDZDYHXZCebtQmVFL25","7vXDAI8JwjW531ouMGbfcp",1
"7vXDAI8JwjW531ouMGbfcp","07YUOmWljBTXwIseAUd9TW",4
"7vXDAI8JwjW531ouMGbfcp","0AqlFI0tz2DsEoJlKSIiT9",1
"7vXDAI8JwjW531ouMGbfcp","0vR2qb8m9WHeZ5ByCbimq2",1
"7vXDAI8JwjW531ouMGbfcp","3bvfu2KAve4lPHrhEFDZna",1
"7vXDAI8JwjW531ouMGbfcp","5C4PDR4LnhZTbVnKWXuDKD",1
"7vXDAI8JwjW531ouMGbfcp","5DUlefCLzVRzNWaNURTFpK",1
"7vXDAI8JwjW531ouMGbfcp","5dbaLmK5SHLLg8Z4CcTJpX",2
