source,target,track
7eLcDZDYHXZCebtQmVFL25,5xSx2FM8mQnrfgM1QsHniB,AQYNE
7eLcDZDYHXZCebtQmVFL25,2IMZYfNi21MGqxopj9fWx8,miamor
7eLcDZDYHXZCebtQmVFL25,2UZIAOlrnyZmyzt1nuXr9y,Formentera
7eLcDZDYHXZCebtQmVFL25,5J7rXWjtn5HzUkJ4Jet8Fr,‚Äì (MENOS)
7eLcDZDYHXZCebtQmVFL25,7D62OQfwvslnxJn9DkZm2F,‚Äì (MENOS)
7eLcDZDYHXZCebtQmVFL25,0ZHPrnImGh4re3TbSNkoZl,ESTUPIDEZ
7eLcDZDYHXZCebtQmVFL25,07YUOmWljBTXwIseAUd9TW,CORAZ√ìN SIN VIDA
7eLcDZDYHXZCebtQmVFL25,3Zs59sqZJ6fWQqWbRC8bOP,CUANDO TE FUISTE
7eLcDZDYHXZCebtQmVFL25,5DUlefCLzVRzNWaNURTFpK,+ (M√ÅS)
7eLcDZDYHXZCebtQmVFL25,3bvfu2KAve4lPHrhEFDZna,Me Quedo
7eLcDZDYHXZCebtQmVFL25,3MRynBsyLGzv3IQ9Fip6hO,Lo Malo
7eLcDZDYHXZCebtQmVFL25,3E3qsTzCvTX13A1Zrw7Wnf,Valerie
7eLcDZDYHXZCebtQmVFL25,4jKvQ93sRiKroRRaAI6Fqk,Lucha De Gigantes
7eLcDZDYHXZCebtQmVFL25,1WLEfsQjvgtFSGkrHonzFX,Lucha De Gigantes
7eLcDZDYHXZCebtQmVFL25,0CQgFG7XHyXRpSi24kl0cx,Solo Si Es Contigo
7eLcDZDYHXZCebtQmVFL25,3MRynBsyLGzv3IQ9Fip6hO,Solo Si Es Contigo
7eLcDZDYHXZCebtQmVFL25,0P9kGWWUX38kvwbqMePLBr,Let Me Love You
7eLcDZDYHXZCebtQmVFL25,0CQgFG7XHyXRpSi24kl0cx,El Mismo Sol
7eLcDZDYHXZCebtQmVFL25,1WLEfsQjvgtFSGkrHonzFX,Con Las Ganas
7eLcDZDYHXZCebtQmVFL25,4jKvQ93sRiKroRRaAI6Fqk,Can't Stop The Feeling!
7eLcDZDYHXZCebtQmVFL25,5AMBCoLbNgVCbA3XYMRlks,No Puedo Vivir Sin Ti
7eLcDZDYHXZCebtQmVFL25,52iwsT98xCoGgiGntTiR7K,GRAN V√çA
7eLcDZDYHXZCebtQmVFL25,2wY79sveU1sp5g7SokKOiI,Like I Can (feat. Aitana)
7eLcDZDYHXZCebtQmVFL25,5lWasZeo8uWQk6GD8czJLq,Hermosa Casualidad
7eLcDZDYHXZCebtQmVFL25,07YUOmWljBTXwIseAUd9TW,Akureyri
7eLcDZDYHXZCebtQmVFL25,2IMZYfNi21MGqxopj9fWx8,miamor
7eLcDZDYHXZCebtQmVFL25,0AqlFI0tz2DsEoJlKSIiT9,Quieres
7eLcDZDYHXZCebtQmVFL25,5UN0rzL594mWY2RbOtZqIN,Quieres
7eLcDZDYHXZCebtQmVFL25,7dL0nOHwnSAsNAwpkPSGWP,mariposas
7eLcDZDYHXZCebtQmVFL25,5XsWrYhwadPBjW20qYbdZg,S√°lvame
7eLcDZDYHXZCebtQmVFL25,1WLEfsQjvgtFSGkrHonzFX,La Canci√≥n Que No Quiero Cantarte
7eLcDZDYHXZCebtQmVFL25,2UZIAOlrnyZmyzt1nuXr9y,Formentera - GARABATTO RMX
7eLcDZDYHXZCebtQmVFL25,6JaOGIlSvYswVLPmGUheOO,Formentera - GARABATTO RMX
7eLcDZDYHXZCebtQmVFL25,2UZIAOlrnyZmyzt1nuXr9y,Formentera - rusowsky rmx
7eLcDZDYHXZCebtQmVFL25,1XEVu7gdRFfzEFqsPrancH,Formentera - rusowsky rmx
7eLcDZDYHXZCebtQmVFL25,2UZIAOlrnyZmyzt1nuXr9y,Formentera
7eLcDZDYHXZCebtQmVFL25,5DUlefCLzVRzNWaNURTFpK,Coldplay
7eLcDZDYHXZCebtQmVFL25,5M9Bb4adKAgrOFOhc05Y50,Llueve sobre mojado
7eLcDZDYHXZCebtQmVFL25,5N3YDBGT2gUzXgLDTwPRi5,Llueve sobre mojado
7eLcDZDYHXZCebtQmVFL25,7c53ZFyajVMTo08HmvoB6b,Mon Amour - Remix
7eLcDZDYHXZCebtQmVFL25,52qzWdNUp6ebjcNsvgZSiC,Aunque No Sea Conmigo
7eLcDZDYHXZCebtQmVFL25,1fURW117sgaPpgIoz8YLXW,M√°ndame Un Audio - Remix
7eLcDZDYHXZCebtQmVFL25,1hus2QLWtdEpTUSgopRRZq,M√°ndame Un Audio - Remix
7eLcDZDYHXZCebtQmVFL25,6jJ0s89eD6GaHleKKya26X,Resilient (ft. Aitana) [Ti√´sto Remix]
7eLcDZDYHXZCebtQmVFL25,2o5jDhtHVPhrJdv3cEQ99Z,Resilient (ft. Aitana) [Ti√´sto Remix]
7eLcDZDYHXZCebtQmVFL25,5xSx2FM8mQnrfgM1QsHniB,Friend De Semana
7eLcDZDYHXZCebtQmVFL25,4PzYKhC14sTJNEr0dzoo0d,Friend De Semana
7eLcDZDYHXZCebtQmVFL25,07YUOmWljBTXwIseAUd9TW,Coraz√≥n Sin Vida
7eLcDZDYHXZCebtQmVFL25,4ckWVaYN8j0EZrNFRHmxZx,Tu Foto Del DNI
7eLcDZDYHXZCebtQmVFL25,5C4PDR4LnhZTbVnKWXuDKD,M√°s De Lo Que Apost√©
7eLcDZDYHXZCebtQmVFL25,0vR2qb8m9WHeZ5ByCbimq2,Enemigos
7eLcDZDYHXZCebtQmVFL25,5gOJTI4TusSENizxhcG7jB,Si T√∫ La Quieres
7eLcDZDYHXZCebtQmVFL25,5DUlefCLzVRzNWaNURTFpK,+
7eLcDZDYHXZCebtQmVFL25,5C4PDR4LnhZTbVnKWXuDKD,Presiento
7eLcDZDYHXZCebtQmVFL25,6i3DxIlAqnDkwELLw4aVrx,TEL√âFONO - Remix
7eLcDZDYHXZCebtQmVFL25,6i3DxIlAqnDkwELLw4aVrx,TEL√âFONO - Remix
7eLcDZDYHXZCebtQmVFL25,3MRynBsyLGzv3IQ9Fip6hO,Lo Malo - Remix
7eLcDZDYHXZCebtQmVFL25,5dbaLmK5SHLLg8Z4CcTJpX,Lo Malo - Remix
7eLcDZDYHXZCebtQmVFL25,7vXDAI8JwjW531ouMGbfcp,Lo Malo - Remix
5xSx2FM8mQnrfgM1QsHniB,4PzYKhC14sTJNEr0dzoo0d,Friend De Semana
5xSx2FM8mQnrfgM1QsHniB,7eLcDZDYHXZCebtQmVFL25,Friend De Semana
5xSx2FM8mQnrfgM1QsHniB,07YUOmWljBTXwIseAUd9TW,No Bailes Sola
5xSx2FM8mQnrfgM1QsHniB,5dbaLmK5SHLLg8Z4CcTJpX,Mala Fama - Remix
5xSx2FM8mQnrfgM1QsHniB,5XsWrYhwadPBjW20qYbdZg,S√≥lo Qu√©date En Silencio
5xSx2FM8mQnrfgM1QsHniB,5C4PDR4LnhZTbVnKWXuDKD,Idiota
5xSx2FM8mQnrfgM1QsHniB,5gOJTI4TusSENizxhcG7jB,"Vuelve, Vuelve"
5xSx2FM8mQnrfgM1QsHniB,5DUlefCLzVRzNWaNURTFpK,Nada - Remix
5xSx2FM8mQnrfgM1QsHniB,5C4PDR4LnhZTbVnKWXuDKD,Dulce Navidad
5xSx2FM8mQnrfgM1QsHniB,4PzYKhC14sTJNEr0dzoo0d,Friend De Semana
5xSx2FM8mQnrfgM1QsHniB,7eLcDZDYHXZCebtQmVFL25,Friend De Semana
5xSx2FM8mQnrfgM1QsHniB,07YUOmWljBTXwIseAUd9TW,No Bailes Sola - Versi√≥n Ac√∫stica
5xSx2FM8mQnrfgM1QsHniB,5DUlefCLzVRzNWaNURTFpK,Nada - Ac√∫stica
5xSx2FM8mQnrfgM1QsHniB,3bvfu2KAve4lPHrhEFDZna,Santer√≠a
5xSx2FM8mQnrfgM1QsHniB,5DUlefCLzVRzNWaNURTFpK,Nada
5xSx2FM8mQnrfgM1QsHniB,07YUOmWljBTXwIseAUd9TW,No Bailes Sola
2IMZYfNi21MGqxopj9fWx8,52iwsT98xCoGgiGntTiR7K,LOS D√çAS CONTADOS
2IMZYfNi21MGqxopj9fWx8,7eLcDZDYHXZCebtQmVFL25,miamor
2IMZYfNi21MGqxopj9fWx8,2UZIAOlrnyZmyzt1nuXr9y,qu√© le pasa conmigo?
2UZIAOlrnyZmyzt1nuXr9y,2IMZYfNi21MGqxopj9fWx8,qu√© le pasa conmigo?
2UZIAOlrnyZmyzt1nuXr9y,5UN0rzL594mWY2RbOtZqIN,Tengo To
2UZIAOlrnyZmyzt1nuXr9y,0AqlFI0tz2DsEoJlKSIiT9,Una Foto Remix (feat. Emilia)
2UZIAOlrnyZmyzt1nuXr9y,2IMZYfNi21MGqxopj9fWx8,qu√© le pasa conmigo?
2UZIAOlrnyZmyzt1nuXr9y,5J7rXWjtn5HzUkJ4Jet8Fr,LA TERAPIA REMIX
2UZIAOlrnyZmyzt1nuXr9y,0AqlFI0tz2DsEoJlKSIiT9,intoxicao
2UZIAOlrnyZmyzt1nuXr9y,7eLcDZDYHXZCebtQmVFL25,Formentera
5J7rXWjtn5HzUkJ4Jet8Fr,5lWasZeo8uWQk6GD8czJLq,1000CANCIONES
5J7rXWjtn5HzUkJ4Jet8Fr,52iwsT98xCoGgiGntTiR7K,QUIZ√ÅS SI QUIZ√ÅS NO
5J7rXWjtn5HzUkJ4Jet8Fr,5lWasZeo8uWQk6GD8czJLq,1000CANCIONES
5J7rXWjtn5HzUkJ4Jet8Fr,52iwsT98xCoGgiGntTiR7K,QUIZ√ÅS SI QUIZ√ÅS NO
5J7rXWjtn5HzUkJ4Jet8Fr,07YUOmWljBTXwIseAUd9TW,Online ;(
5J7rXWjtn5HzUkJ4Jet8Fr,52iwsT98xCoGgiGntTiR7K,QUIZ√ÅS SI QUIZ√ÅS NO
5J7rXWjtn5HzUkJ4Jet8Fr,5lWasZeo8uWQk6GD8czJLq,1000CANCIONES
5J7rXWjtn5HzUkJ4Jet8Fr,2UZIAOlrnyZmyzt1nuXr9y,LA TERAPIA REMIX
5J7rXWjtn5HzUkJ4Jet8Fr,07YUOmWljBTXwIseAUd9TW,A D√≥nde Van
7D62OQfwvslnxJn9DkZm2F,5M9Bb4adKAgrOFOhc05Y50,Los Domingos No Se Toman Decisiones
7D62OQfwvslnxJn9DkZm2F,5M9Bb4adKAgrOFOhc05Y50,Los Domingos No Se Toman Decisiones
7D62OQfwvslnxJn9DkZm2F,4ckWVaYN8j0EZrNFRHmxZx,Soy Un Chulo
0ZHPrnImGh4re3TbSNkoZl,5C4PDR4LnhZTbVnKWXuDKD,Porfa no te vayas
0ZHPrnImGh4re3TbSNkoZl,0vR2qb8m9WHeZ5ByCbimq2,Mirando a la luna (feat. Reik)
0ZHPrnImGh4re3TbSNkoZl,5M9Bb4adKAgrOFOhc05Y50,Sue√±o (con Pablo Albor√°n)
0ZHPrnImGh4re3TbSNkoZl,07YUOmWljBTXwIseAUd9TW,Vuelve
0ZHPrnImGh4re3TbSNkoZl,4ckWVaYN8j0EZrNFRHmxZx,SANTORINI REMIX
0ZHPrnImGh4re3TbSNkoZl,0vR2qb8m9WHeZ5ByCbimq2,Mirando a la luna (feat. Reik)
0ZHPrnImGh4re3TbSNkoZl,5C4PDR4LnhZTbVnKWXuDKD,Porfa no te vayas
0ZHPrnImGh4re3TbSNkoZl,5DUlefCLzVRzNWaNURTFpK,Primera Carta
0ZHPrnImGh4re3TbSNkoZl,3bvfu2KAve4lPHrhEFDZna,c√≥mo te va?
0ZHPrnImGh4re3TbSNkoZl,5M9Bb4adKAgrOFOhc05Y50,Sue√±o (con Pablo Albor√°n)
0ZHPrnImGh4re3TbSNkoZl,07YUOmWljBTXwIseAUd9TW,Vuelve
07YUOmWljBTXwIseAUd9TW,7eLcDZDYHXZCebtQmVFL25,Las Dudas
07YUOmWljBTXwIseAUd9TW,5J7rXWjtn5HzUkJ4Jet8Fr,A D√≥nde Van
07YUOmWljBTXwIseAUd9TW,5M9Bb4adKAgrOFOhc05Y50,Contigo
07YUOmWljBTXwIseAUd9TW,0vR2qb8m9WHeZ5ByCbimq2,Un A√±o
07YUOmWljBTXwIseAUd9TW,0ZHPrnImGh4re3TbSNkoZl,Vuelve
07YUOmWljBTXwIseAUd9TW,5DUlefCLzVRzNWaNURTFpK,Traicionera - Remix
07YUOmWljBTXwIseAUd9TW,7eLcDZDYHXZCebtQmVFL25,Akureyri
07YUOmWljBTXwIseAUd9TW,5M9Bb4adKAgrOFOhc05Y50,Contigo
07YUOmWljBTXwIseAUd9TW,5xSx2FM8mQnrfgM1QsHniB,No Bailes Sola - Versi√≥n Ac√∫stica
07YUOmWljBTXwIseAUd9TW,7eLcDZDYHXZCebtQmVFL25,Coraz√≥n Sin Vida
07YUOmWljBTXwIseAUd9TW,5J7rXWjtn5HzUkJ4Jet8Fr,A D√≥nde Van
07YUOmWljBTXwIseAUd9TW,5DUlefCLzVRzNWaNURTFpK,Locura - Remix
07YUOmWljBTXwIseAUd9TW,5xSx2FM8mQnrfgM1QsHniB,No Bailes Sola
07YUOmWljBTXwIseAUd9TW,5C4PDR4LnhZTbVnKWXuDKD,Bajo La Mesa
07YUOmWljBTXwIseAUd9TW,5DUlefCLzVRzNWaNURTFpK,Locura
5DUlefCLzVRzNWaNURTFpK,0ZHPrnImGh4re3TbSNkoZl,Primera Carta
5DUlefCLzVRzNWaNURTFpK,7eLcDZDYHXZCebtQmVFL25,Coldplay
5DUlefCLzVRzNWaNURTFpK,5xSx2FM8mQnrfgM1QsHniB,Nada
5DUlefCLzVRzNWaNURTFpK,07YUOmWljBTXwIseAUd9TW,Locura
5DUlefCLzVRzNWaNURTFpK,0vR2qb8m9WHeZ5ByCbimq2,Borracho De Amor
5DUlefCLzVRzNWaNURTFpK,5gOJTI4TusSENizxhcG7jB,No Hay 2 Sin 3 (Gol)
5DUlefCLzVRzNWaNURTFpK,5gOJTI4TusSENizxhcG7jB,No Hay 2 Sin 3 (Gol)
5DUlefCLzVRzNWaNURTFpK,07YUOmWljBTXwIseAUd9TW,Por Fin Te Encontr√©
5DUlefCLzVRzNWaNURTFpK,5xSx2FM8mQnrfgM1QsHniB,Nada
5DUlefCLzVRzNWaNURTFpK,07YUOmWljBTXwIseAUd9TW,Locura
5DUlefCLzVRzNWaNURTFpK,0vR2qb8m9WHeZ5ByCbimq2,Borracho De Amor
5DUlefCLzVRzNWaNURTFpK,7eLcDZDYHXZCebtQmVFL25,Coldplay
5DUlefCLzVRzNWaNURTFpK,5dbaLmK5SHLLg8Z4CcTJpX,2005
5DUlefCLzVRzNWaNURTFpK,0ZHPrnImGh4re3TbSNkoZl,Primera Carta
5DUlefCLzVRzNWaNURTFpK,5xSx2FM8mQnrfgM1QsHniB,Nada - Remix
5DUlefCLzVRzNWaNURTFpK,5dbaLmK5SHLLg8Z4CcTJpX,Desesperado (Voy A Tomar)
5DUlefCLzVRzNWaNURTFpK,5xSx2FM8mQnrfgM1QsHniB,Nada - Ac√∫stica
5DUlefCLzVRzNWaNURTFpK,5xSx2FM8mQnrfgM1QsHniB,Nada
5DUlefCLzVRzNWaNURTFpK,07YUOmWljBTXwIseAUd9TW,Locura - Remix
5DUlefCLzVRzNWaNURTFpK,07YUOmWljBTXwIseAUd9TW,Locura
5DUlefCLzVRzNWaNURTFpK,0vR2qb8m9WHeZ5ByCbimq2,Borracho De Amor
5DUlefCLzVRzNWaNURTFpK,7eLcDZDYHXZCebtQmVFL25,+
5DUlefCLzVRzNWaNURTFpK,5dbaLmK5SHLLg8Z4CcTJpX,S√≥lo M√≠a
3bvfu2KAve4lPHrhEFDZna,0AqlFI0tz2DsEoJlKSIiT9,ULTRAVIOLETA
3bvfu2KAve4lPHrhEFDZna,52iwsT98xCoGgiGntTiR7K,EL TONTO
3bvfu2KAve4lPHrhEFDZna,7vXDAI8JwjW531ouMGbfcp,La Ni√±a de la Escuela
3bvfu2KAve4lPHrhEFDZna,0ZHPrnImGh4re3TbSNkoZl,c√≥mo te va?
3bvfu2KAve4lPHrhEFDZna,5xSx2FM8mQnrfgM1QsHniB,Santer√≠a
3bvfu2KAve4lPHrhEFDZna,7vXDAI8JwjW531ouMGbfcp,La Ni√±a de la Escuela
3bvfu2KAve4lPHrhEFDZna,0ZHPrnImGh4re3TbSNkoZl,c√≥mo te va?
3bvfu2KAve4lPHrhEFDZna,52iwsT98xCoGgiGntTiR7K,EL TONTO
3bvfu2KAve4lPHrhEFDZna,5UN0rzL594mWY2RbOtZqIN,Tiki Tiki
3bvfu2KAve4lPHrhEFDZna,5N3YDBGT2gUzXgLDTwPRi5,Ma√±ana
3bvfu2KAve4lPHrhEFDZna,0ZHPrnImGh4re3TbSNkoZl,c√≥mo te va?
3bvfu2KAve4lPHrhEFDZna,7vXDAI8JwjW531ouMGbfcp,High (Remix)
3bvfu2KAve4lPHrhEFDZna,5xSx2FM8mQnrfgM1QsHniB,Santer√≠a
3MRynBsyLGzv3IQ9Fip6hO,7eLcDZDYHXZCebtQmVFL25,Lo Malo - Remix
3MRynBsyLGzv3IQ9Fip6hO,5dbaLmK5SHLLg8Z4CcTJpX,Lo Malo - Remix
3MRynBsyLGzv3IQ9Fip6hO,7vXDAI8JwjW531ouMGbfcp,Lo Malo - Remix
3MRynBsyLGzv3IQ9Fip6hO,7eLcDZDYHXZCebtQmVFL25,Lo Malo
3MRynBsyLGzv3IQ9Fip6hO,0CQgFG7XHyXRpSi24kl0cx,Solo Si Es Contigo
3MRynBsyLGzv3IQ9Fip6hO,7eLcDZDYHXZCebtQmVFL25,Solo Si Es Contigo
3MRynBsyLGzv3IQ9Fip6hO,1WLEfsQjvgtFSGkrHonzFX,Todas Las Flores
3MRynBsyLGzv3IQ9Fip6hO,5AMBCoLbNgVCbA3XYMRlks,Culpable O No
3MRynBsyLGzv3IQ9Fip6hO,7eLcDZDYHXZCebtQmVFL25,Lo Malo - Remix
3MRynBsyLGzv3IQ9Fip6hO,5dbaLmK5SHLLg8Z4CcTJpX,Lo Malo - Remix
3MRynBsyLGzv3IQ9Fip6hO,7vXDAI8JwjW531ouMGbfcp,Lo Malo - Remix
3MRynBsyLGzv3IQ9Fip6hO,7eLcDZDYHXZCebtQmVFL25,Lo Malo - Operaci√≥n Triunfo 2017
3MRynBsyLGzv3IQ9Fip6hO,0CQgFG7XHyXRpSi24kl0cx,Solo Si Es Contigo - Operaci√≥n Triunfo 2017
3MRynBsyLGzv3IQ9Fip6hO,7eLcDZDYHXZCebtQmVFL25,Solo Si Es Contigo - Operaci√≥n Triunfo 2017
3MRynBsyLGzv3IQ9Fip6hO,1WLEfsQjvgtFSGkrHonzFX,Todas Las Flores - Operaci√≥n Triunfo 2017
3E3qsTzCvTX13A1Zrw7Wnf,4jKvQ93sRiKroRRaAI6Fqk,Magia
3E3qsTzCvTX13A1Zrw7Wnf,7eLcDZDYHXZCebtQmVFL25,Valerie
3E3qsTzCvTX13A1Zrw7Wnf,0CQgFG7XHyXRpSi24kl0cx,Cuando Duermes
3E3qsTzCvTX13A1Zrw7Wnf,1WLEfsQjvgtFSGkrHonzFX,Robarte Un Beso
3E3qsTzCvTX13A1Zrw7Wnf,5AMBCoLbNgVCbA3XYMRlks,Estoy Hecho De Pedacitos De Ti
3E3qsTzCvTX13A1Zrw7Wnf,4jKvQ93sRiKroRRaAI6Fqk,Runnin' (Lose It All)
3E3qsTzCvTX13A1Zrw7Wnf,4jKvQ93sRiKroRRaAI6Fqk,Magia - Operaci√≥n Triunfo 2017
3E3qsTzCvTX13A1Zrw7Wnf,7eLcDZDYHXZCebtQmVFL25,Valerie - Operaci√≥n Triunfo 2017
3E3qsTzCvTX13A1Zrw7Wnf,0CQgFG7XHyXRpSi24kl0cx,Cuando Duermes
3E3qsTzCvTX13A1Zrw7Wnf,1WLEfsQjvgtFSGkrHonzFX,Robarte Un Beso - Operaci√≥n Triunfo 2017
3E3qsTzCvTX13A1Zrw7Wnf,5AMBCoLbNgVCbA3XYMRlks,Estoy Hecho De Pedacitos De Ti - Operaci√≥n Triunfo 2017
3E3qsTzCvTX13A1Zrw7Wnf,4jKvQ93sRiKroRRaAI6Fqk,Runnin' (Lose It All) - Operaci√≥n Triunfo 2017
4jKvQ93sRiKroRRaAI6Fqk,3E3qsTzCvTX13A1Zrw7Wnf,Magia - Operaci√≥n Triunfo 2017
4jKvQ93sRiKroRRaAI6Fqk,7eLcDZDYHXZCebtQmVFL25,Lucha De Gigantes
4jKvQ93sRiKroRRaAI6Fqk,1WLEfsQjvgtFSGkrHonzFX,Lucha De Gigantes
4jKvQ93sRiKroRRaAI6Fqk,0P9kGWWUX38kvwbqMePLBr,Manos Vac√≠as - Operaci√≥n Triunfo 2017
4jKvQ93sRiKroRRaAI6Fqk,0CQgFG7XHyXRpSi24kl0cx,The Lady Is A Tramp - Operaci√≥n Triunfo 2017
4jKvQ93sRiKroRRaAI6Fqk,7eLcDZDYHXZCebtQmVFL25,Can't Stop The Feeling! - Operaci√≥n Triunfo 2017
4jKvQ93sRiKroRRaAI6Fqk,3E3qsTzCvTX13A1Zrw7Wnf,Runnin' (Lose It All) - Operaci√≥n Triunfo 2017
1WLEfsQjvgtFSGkrHonzFX,7eLcDZDYHXZCebtQmVFL25,La Canci√≥n Que No Quiero Cantarte
1WLEfsQjvgtFSGkrHonzFX,0CQgFG7XHyXRpSi24kl0cx,Tu Canci√≥n
1WLEfsQjvgtFSGkrHonzFX,0CQgFG7XHyXRpSi24kl0cx,Todo Mi Amor Eres T√∫ (I Just Can't Stop Loving You)
1WLEfsQjvgtFSGkrHonzFX,4jKvQ93sRiKroRRaAI6Fqk,Lucha De Gigantes
1WLEfsQjvgtFSGkrHonzFX,7eLcDZDYHXZCebtQmVFL25,Lucha De Gigantes
1WLEfsQjvgtFSGkrHonzFX,3E3qsTzCvTX13A1Zrw7Wnf,Robarte Un Beso
1WLEfsQjvgtFSGkrHonzFX,7eLcDZDYHXZCebtQmVFL25,Con Las Ganas
1WLEfsQjvgtFSGkrHonzFX,0CQgFG7XHyXRpSi24kl0cx,City Of Stars
1WLEfsQjvgtFSGkrHonzFX,3MRynBsyLGzv3IQ9Fip6hO,Todas Las Flores
1WLEfsQjvgtFSGkrHonzFX,7eLcDZDYHXZCebtQmVFL25,La Canci√≥n Que No Quiero Cantarte
1WLEfsQjvgtFSGkrHonzFX,0CQgFG7XHyXRpSi24kl0cx,Your Song
1WLEfsQjvgtFSGkrHonzFX,0CQgFG7XHyXRpSi24kl0cx,Tu Canci√≥n
1WLEfsQjvgtFSGkrHonzFX,0CQgFG7XHyXRpSi24kl0cx,Tu Canci√≥n - Operaci√≥n Triunfo 2017
1WLEfsQjvgtFSGkrHonzFX,0CQgFG7XHyXRpSi24kl0cx,Todo Mi Amor Eres T√∫ (I Just Can't Stop Loving You) - Operaci√≥n Triunfo 2017
1WLEfsQjvgtFSGkrHonzFX,4jKvQ93sRiKroRRaAI6Fqk,Lucha De Gigantes
1WLEfsQjvgtFSGkrHonzFX,7eLcDZDYHXZCebtQmVFL25,Lucha De Gigantes
1WLEfsQjvgtFSGkrHonzFX,3E3qsTzCvTX13A1Zrw7Wnf,Robarte Un Beso - Operaci√≥n Triunfo 2017
1WLEfsQjvgtFSGkrHonzFX,7eLcDZDYHXZCebtQmVFL25,Con Las Ganas - Operaci√≥n Triunfo 2017
1WLEfsQjvgtFSGkrHonzFX,0CQgFG7XHyXRpSi24kl0cx,City Of Stars - Operaci√≥n Triunfo 2017
1WLEfsQjvgtFSGkrHonzFX,3MRynBsyLGzv3IQ9Fip6hO,Todas Las Flores - Operaci√≥n Triunfo 2017
0CQgFG7XHyXRpSi24kl0cx,1WLEfsQjvgtFSGkrHonzFX,Et Vull Veure
0CQgFG7XHyXRpSi24kl0cx,1WLEfsQjvgtFSGkrHonzFX,Et Vull Veure
0CQgFG7XHyXRpSi24kl0cx,1WLEfsQjvgtFSGkrHonzFX,Tu Canci√≥n
0CQgFG7XHyXRpSi24kl0cx,1WLEfsQjvgtFSGkrHonzFX,Todo Mi Amor Eres T√∫ (I Just Can't Stop Loving You)
0CQgFG7XHyXRpSi24kl0cx,3E3qsTzCvTX13A1Zrw7Wnf,Cuando Duermes
0CQgFG7XHyXRpSi24kl0cx,7eLcDZDYHXZCebtQmVFL25,Solo Si Es Contigo
0CQgFG7XHyXRpSi24kl0cx,3MRynBsyLGzv3IQ9Fip6hO,Solo Si Es Contigo
0CQgFG7XHyXRpSi24kl0cx,4jKvQ93sRiKroRRaAI6Fqk,The Lady Is A Tramp
0CQgFG7XHyXRpSi24kl0cx,7eLcDZDYHXZCebtQmVFL25,El Mismo Sol
0CQgFG7XHyXRpSi24kl0cx,1WLEfsQjvgtFSGkrHonzFX,City Of Stars
0CQgFG7XHyXRpSi24kl0cx,0P9kGWWUX38kvwbqMePLBr,Everytime You Go Away
0CQgFG7XHyXRpSi24kl0cx,1WLEfsQjvgtFSGkrHonzFX,Your Song
0CQgFG7XHyXRpSi24kl0cx,1WLEfsQjvgtFSGkrHonzFX,Tu Canci√≥n
0CQgFG7XHyXRpSi24kl0cx,1WLEfsQjvgtFSGkrHonzFX,Tu Canci√≥n - Operaci√≥n Triunfo 2017
0CQgFG7XHyXRpSi24kl0cx,1WLEfsQjvgtFSGkrHonzFX,Todo Mi Amor Eres T√∫ (I Just Can't Stop Loving You) - Operaci√≥n Triunfo 2017
0CQgFG7XHyXRpSi24kl0cx,3E3qsTzCvTX13A1Zrw7Wnf,Cuando Duermes
0CQgFG7XHyXRpSi24kl0cx,7eLcDZDYHXZCebtQmVFL25,Solo Si Es Contigo - Operaci√≥n Triunfo 2017
0CQgFG7XHyXRpSi24kl0cx,3MRynBsyLGzv3IQ9Fip6hO,Solo Si Es Contigo - Operaci√≥n Triunfo 2017
0CQgFG7XHyXRpSi24kl0cx,4jKvQ93sRiKroRRaAI6Fqk,The Lady Is A Tramp - Operaci√≥n Triunfo 2017
0CQgFG7XHyXRpSi24kl0cx,7eLcDZDYHXZCebtQmVFL25,El Mismo Sol - Operaci√≥n Triunfo 2017
0CQgFG7XHyXRpSi24kl0cx,1WLEfsQjvgtFSGkrHonzFX,City Of Stars - Operaci√≥n Triunfo 2017
0CQgFG7XHyXRpSi24kl0cx,0P9kGWWUX38kvwbqMePLBr,Everytime You Go Away - Operaci√≥n Triunfo 2017
3MRynBsyLGzv3IQ9Fip6hO,7eLcDZDYHXZCebtQmVFL25,Lo Malo - Remix
3MRynBsyLGzv3IQ9Fip6hO,5dbaLmK5SHLLg8Z4CcTJpX,Lo Malo - Remix
3MRynBsyLGzv3IQ9Fip6hO,7vXDAI8JwjW531ouMGbfcp,Lo Malo - Remix
3MRynBsyLGzv3IQ9Fip6hO,7eLcDZDYHXZCebtQmVFL25,Lo Malo
3MRynBsyLGzv3IQ9Fip6hO,0CQgFG7XHyXRpSi24kl0cx,Solo Si Es Contigo
3MRynBsyLGzv3IQ9Fip6hO,7eLcDZDYHXZCebtQmVFL25,Solo Si Es Contigo
3MRynBsyLGzv3IQ9Fip6hO,1WLEfsQjvgtFSGkrHonzFX,Todas Las Flores
3MRynBsyLGzv3IQ9Fip6hO,5AMBCoLbNgVCbA3XYMRlks,Culpable O No
3MRynBsyLGzv3IQ9Fip6hO,7eLcDZDYHXZCebtQmVFL25,Lo Malo - Remix
3MRynBsyLGzv3IQ9Fip6hO,5dbaLmK5SHLLg8Z4CcTJpX,Lo Malo - Remix
3MRynBsyLGzv3IQ9Fip6hO,7vXDAI8JwjW531ouMGbfcp,Lo Malo - Remix
3MRynBsyLGzv3IQ9Fip6hO,7eLcDZDYHXZCebtQmVFL25,Lo Malo - Operaci√≥n Triunfo 2017
3MRynBsyLGzv3IQ9Fip6hO,0CQgFG7XHyXRpSi24kl0cx,Solo Si Es Contigo - Operaci√≥n Triunfo 2017
3MRynBsyLGzv3IQ9Fip6hO,7eLcDZDYHXZCebtQmVFL25,Solo Si Es Contigo - Operaci√≥n Triunfo 2017
3MRynBsyLGzv3IQ9Fip6hO,1WLEfsQjvgtFSGkrHonzFX,Todas Las Flores - Operaci√≥n Triunfo 2017
0P9kGWWUX38kvwbqMePLBr,4jKvQ93sRiKroRRaAI6Fqk,Manos Vac√≠as - Operaci√≥n Triunfo 2017
0P9kGWWUX38kvwbqMePLBr,7eLcDZDYHXZCebtQmVFL25,Let Me Love You - Operaci√≥n Triunfo 2017
0P9kGWWUX38kvwbqMePLBr,0CQgFG7XHyXRpSi24kl0cx,Everytime You Go Away - Operaci√≥n Triunfo 2017
0CQgFG7XHyXRpSi24kl0cx,1WLEfsQjvgtFSGkrHonzFX,Et Vull Veure
0CQgFG7XHyXRpSi24kl0cx,1WLEfsQjvgtFSGkrHonzFX,Et Vull Veure
0CQgFG7XHyXRpSi24kl0cx,1WLEfsQjvgtFSGkrHonzFX,Tu Canci√≥n
0CQgFG7XHyXRpSi24kl0cx,1WLEfsQjvgtFSGkrHonzFX,Todo Mi Amor Eres T√∫ (I Just Can't Stop Loving You)
0CQgFG7XHyXRpSi24kl0cx,3E3qsTzCvTX13A1Zrw7Wnf,Cuando Duermes
0CQgFG7XHyXRpSi24kl0cx,7eLcDZDYHXZCebtQmVFL25,Solo Si Es Contigo
0CQgFG7XHyXRpSi24kl0cx,3MRynBsyLGzv3IQ9Fip6hO,Solo Si Es Contigo
0CQgFG7XHyXRpSi24kl0cx,4jKvQ93sRiKroRRaAI6Fqk,The Lady Is A Tramp
0CQgFG7XHyXRpSi24kl0cx,7eLcDZDYHXZCebtQmVFL25,El Mismo Sol
0CQgFG7XHyXRpSi24kl0cx,1WLEfsQjvgtFSGkrHonzFX,City Of Stars
0CQgFG7XHyXRpSi24kl0cx,0P9kGWWUX38kvwbqMePLBr,Everytime You Go Away
0CQgFG7XHyXRpSi24kl0cx,1WLEfsQjvgtFSGkrHonzFX,Your Song
0CQgFG7XHyXRpSi24kl0cx,1WLEfsQjvgtFSGkrHonzFX,Tu Canci√≥n
0CQgFG7XHyXRpSi24kl0cx,1WLEfsQjvgtFSGkrHonzFX,Tu Canci√≥n - Operaci√≥n Triunfo 2017
0CQgFG7XHyXRpSi24kl0cx,1WLEfsQjvgtFSGkrHonzFX,Todo Mi Amor Eres T√∫ (I Just Can't Stop Loving You) - Operaci√≥n Triunfo 2017
0CQgFG7XHyXRpSi24kl0cx,3E3qsTzCvTX13A1Zrw7Wnf,Cuando Duermes
0CQgFG7XHyXRpSi24kl0cx,7eLcDZDYHXZCebtQmVFL25,Solo Si Es Contigo - Operaci√≥n Triunfo 2017
0CQgFG7XHyXRpSi24kl0cx,3MRynBsyLGzv3IQ9Fip6hO,Solo Si Es Contigo - Operaci√≥n Triunfo 2017
0CQgFG7XHyXRpSi24kl0cx,4jKvQ93sRiKroRRaAI6Fqk,The Lady Is A Tramp - Operaci√≥n Triunfo 2017
0CQgFG7XHyXRpSi24kl0cx,7eLcDZDYHXZCebtQmVFL25,El Mismo Sol - Operaci√≥n Triunfo 2017
0CQgFG7XHyXRpSi24kl0cx,1WLEfsQjvgtFSGkrHonzFX,City Of Stars - Operaci√≥n Triunfo 2017
0CQgFG7XHyXRpSi24kl0cx,0P9kGWWUX38kvwbqMePLBr,Everytime You Go Away - Operaci√≥n Triunfo 2017
1WLEfsQjvgtFSGkrHonzFX,7eLcDZDYHXZCebtQmVFL25,La Canci√≥n Que No Quiero Cantarte
1WLEfsQjvgtFSGkrHonzFX,0CQgFG7XHyXRpSi24kl0cx,Tu Canci√≥n
1WLEfsQjvgtFSGkrHonzFX,0CQgFG7XHyXRpSi24kl0cx,Todo Mi Amor Eres T√∫ (I Just Can't Stop Loving You)
1WLEfsQjvgtFSGkrHonzFX,4jKvQ93sRiKroRRaAI6Fqk,Lucha De Gigantes
1WLEfsQjvgtFSGkrHonzFX,7eLcDZDYHXZCebtQmVFL25,Lucha De Gigantes
1WLEfsQjvgtFSGkrHonzFX,3E3qsTzCvTX13A1Zrw7Wnf,Robarte Un Beso
1WLEfsQjvgtFSGkrHonzFX,7eLcDZDYHXZCebtQmVFL25,Con Las Ganas
1WLEfsQjvgtFSGkrHonzFX,0CQgFG7XHyXRpSi24kl0cx,City Of Stars
1WLEfsQjvgtFSGkrHonzFX,3MRynBsyLGzv3IQ9Fip6hO,Todas Las Flores
1WLEfsQjvgtFSGkrHonzFX,7eLcDZDYHXZCebtQmVFL25,La Canci√≥n Que No Quiero Cantarte
1WLEfsQjvgtFSGkrHonzFX,0CQgFG7XHyXRpSi24kl0cx,Your Song
1WLEfsQjvgtFSGkrHonzFX,0CQgFG7XHyXRpSi24kl0cx,Tu Canci√≥n
1WLEfsQjvgtFSGkrHonzFX,0CQgFG7XHyXRpSi24kl0cx,Tu Canci√≥n - Operaci√≥n Triunfo 2017
1WLEfsQjvgtFSGkrHonzFX,0CQgFG7XHyXRpSi24kl0cx,Todo Mi Amor Eres T√∫ (I Just Can't Stop Loving You) - Operaci√≥n Triunfo 2017
1WLEfsQjvgtFSGkrHonzFX,4jKvQ93sRiKroRRaAI6Fqk,Lucha De Gigantes
1WLEfsQjvgtFSGkrHonzFX,7eLcDZDYHXZCebtQmVFL25,Lucha De Gigantes
1WLEfsQjvgtFSGkrHonzFX,3E3qsTzCvTX13A1Zrw7Wnf,Robarte Un Beso - Operaci√≥n Triunfo 2017
1WLEfsQjvgtFSGkrHonzFX,7eLcDZDYHXZCebtQmVFL25,Con Las Ganas - Operaci√≥n Triunfo 2017
1WLEfsQjvgtFSGkrHonzFX,0CQgFG7XHyXRpSi24kl0cx,City Of Stars - Operaci√≥n Triunfo 2017
1WLEfsQjvgtFSGkrHonzFX,3MRynBsyLGzv3IQ9Fip6hO,Todas Las Flores - Operaci√≥n Triunfo 2017
4jKvQ93sRiKroRRaAI6Fqk,3E3qsTzCvTX13A1Zrw7Wnf,Magia - Operaci√≥n Triunfo 2017
4jKvQ93sRiKroRRaAI6Fqk,7eLcDZDYHXZCebtQmVFL25,Lucha De Gigantes
4jKvQ93sRiKroRRaAI6Fqk,1WLEfsQjvgtFSGkrHonzFX,Lucha De Gigantes
4jKvQ93sRiKroRRaAI6Fqk,0P9kGWWUX38kvwbqMePLBr,Manos Vac√≠as - Operaci√≥n Triunfo 2017
4jKvQ93sRiKroRRaAI6Fqk,0CQgFG7XHyXRpSi24kl0cx,The Lady Is A Tramp - Operaci√≥n Triunfo 2017
4jKvQ93sRiKroRRaAI6Fqk,7eLcDZDYHXZCebtQmVFL25,Can't Stop The Feeling! - Operaci√≥n Triunfo 2017
4jKvQ93sRiKroRRaAI6Fqk,3E3qsTzCvTX13A1Zrw7Wnf,Runnin' (Lose It All) - Operaci√≥n Triunfo 2017
5AMBCoLbNgVCbA3XYMRlks,3MRynBsyLGzv3IQ9Fip6hO,Culpable O No
5AMBCoLbNgVCbA3XYMRlks,3E3qsTzCvTX13A1Zrw7Wnf,Estoy Hecho De Pedacitos De Ti - Operaci√≥n Triunfo 2017
5AMBCoLbNgVCbA3XYMRlks,7eLcDZDYHXZCebtQmVFL25,No Puedo Vivir Sin Ti - Operaci√≥n Triunfo 2017
52iwsT98xCoGgiGntTiR7K,7eLcDZDYHXZCebtQmVFL25,GRAN V√çA
52iwsT98xCoGgiGntTiR7K,2IMZYfNi21MGqxopj9fWx8,LOS D√çAS CONTADOS
52iwsT98xCoGgiGntTiR7K,2IMZYfNi21MGqxopj9fWx8,LOS D√çAS CONTADOS
52iwsT98xCoGgiGntTiR7K,7eLcDZDYHXZCebtQmVFL25,GRAN V√çA
52iwsT98xCoGgiGntTiR7K,5J7rXWjtn5HzUkJ4Jet8Fr,QUIZ√ÅS SI QUIZ√ÅS NO
52iwsT98xCoGgiGntTiR7K,6JaOGIlSvYswVLPmGUheOO,NO PIENSO LLAMAR
52iwsT98xCoGgiGntTiR7K,3bvfu2KAve4lPHrhEFDZna,EL TONTO
2wY79sveU1sp5g7SokKOiI,7eLcDZDYHXZCebtQmVFL25,Like I Can (feat. Aitana)
2wY79sveU1sp5g7SokKOiI,7eLcDZDYHXZCebtQmVFL25,Like I Can (feat. Aitana)
5lWasZeo8uWQk6GD8czJLq,7eLcDZDYHXZCebtQmVFL25,Hermosa Casualidad
5lWasZeo8uWQk6GD8czJLq,7eLcDZDYHXZCebtQmVFL25,Hermosa Casualidad
5lWasZeo8uWQk6GD8czJLq,5J7rXWjtn5HzUkJ4Jet8Fr,1000CANCIONES
07YUOmWljBTXwIseAUd9TW,7eLcDZDYHXZCebtQmVFL25,Las Dudas
07YUOmWljBTXwIseAUd9TW,5J7rXWjtn5HzUkJ4Jet8Fr,A D√≥nde Van
07YUOmWljBTXwIseAUd9TW,5M9Bb4adKAgrOFOhc05Y50,Contigo
07YUOmWljBTXwIseAUd9TW,0vR2qb8m9WHeZ5ByCbimq2,Un A√±o
07YUOmWljBTXwIseAUd9TW,0ZHPrnImGh4re3TbSNkoZl,Vuelve
07YUOmWljBTXwIseAUd9TW,5DUlefCLzVRzNWaNURTFpK,Traicionera - Remix
07YUOmWljBTXwIseAUd9TW,7eLcDZDYHXZCebtQmVFL25,Akureyri
07YUOmWljBTXwIseAUd9TW,5M9Bb4adKAgrOFOhc05Y50,Contigo
07YUOmWljBTXwIseAUd9TW,5xSx2FM8mQnrfgM1QsHniB,No Bailes Sola - Versi√≥n Ac√∫stica
07YUOmWljBTXwIseAUd9TW,7eLcDZDYHXZCebtQmVFL25,Coraz√≥n Sin Vida
07YUOmWljBTXwIseAUd9TW,5J7rXWjtn5HzUkJ4Jet8Fr,A D√≥nde Van
07YUOmWljBTXwIseAUd9TW,5DUlefCLzVRzNWaNURTFpK,Locura - Remix
07YUOmWljBTXwIseAUd9TW,5xSx2FM8mQnrfgM1QsHniB,No Bailes Sola
07YUOmWljBTXwIseAUd9TW,5C4PDR4LnhZTbVnKWXuDKD,Bajo La Mesa
07YUOmWljBTXwIseAUd9TW,5DUlefCLzVRzNWaNURTFpK,Locura
2IMZYfNi21MGqxopj9fWx8,52iwsT98xCoGgiGntTiR7K,LOS D√çAS CONTADOS
2IMZYfNi21MGqxopj9fWx8,7eLcDZDYHXZCebtQmVFL25,miamor
2IMZYfNi21MGqxopj9fWx8,2UZIAOlrnyZmyzt1nuXr9y,qu√© le pasa conmigo?
0AqlFI0tz2DsEoJlKSIiT9,7vXDAI8JwjW531ouMGbfcp,La_Original.mp3
0AqlFI0tz2DsEoJlKSIiT9,2UZIAOlrnyZmyzt1nuXr9y,intoxicao
0AqlFI0tz2DsEoJlKSIiT9,4PzYKhC14sTJNEr0dzoo0d,bunda üçë
0AqlFI0tz2DsEoJlKSIiT9,7vXDAI8JwjW531ouMGbfcp,La_Original.mp3
0AqlFI0tz2DsEoJlKSIiT9,7eLcDZDYHXZCebtQmVFL25,Quieres
0AqlFI0tz2DsEoJlKSIiT9,5UN0rzL594mWY2RbOtZqIN,Quieres
0AqlFI0tz2DsEoJlKSIiT9,2UZIAOlrnyZmyzt1nuXr9y,intoxicao
5UN0rzL594mWY2RbOtZqIN,3bvfu2KAve4lPHrhEFDZna,Tiki Tiki
5UN0rzL594mWY2RbOtZqIN,3bvfu2KAve4lPHrhEFDZna,Tiki Tiki
5UN0rzL594mWY2RbOtZqIN,7eLcDZDYHXZCebtQmVFL25,Quieres
5UN0rzL594mWY2RbOtZqIN,0AqlFI0tz2DsEoJlKSIiT9,Quieres
7dL0nOHwnSAsNAwpkPSGWP,7eLcDZDYHXZCebtQmVFL25,mariposas
5XsWrYhwadPBjW20qYbdZg,5xSx2FM8mQnrfgM1QsHniB,S√≥lo Qu√©date En Silencio
5XsWrYhwadPBjW20qYbdZg,7eLcDZDYHXZCebtQmVFL25,S√°lvame
5XsWrYhwadPBjW20qYbdZg,7eLcDZDYHXZCebtQmVFL25,S√°lvame
5XsWrYhwadPBjW20qYbdZg,5xSx2FM8mQnrfgM1QsHniB,S√≥lo Qu√©date En Silencio
1WLEfsQjvgtFSGkrHonzFX,7eLcDZDYHXZCebtQmVFL25,La Canci√≥n Que No Quiero Cantarte
1WLEfsQjvgtFSGkrHonzFX,0CQgFG7XHyXRpSi24kl0cx,Tu Canci√≥n
1WLEfsQjvgtFSGkrHonzFX,0CQgFG7XHyXRpSi24kl0cx,Todo Mi Amor Eres T√∫ (I Just Can't Stop Loving You)
1WLEfsQjvgtFSGkrHonzFX,4jKvQ93sRiKroRRaAI6Fqk,Lucha De Gigantes
1WLEfsQjvgtFSGkrHonzFX,7eLcDZDYHXZCebtQmVFL25,Lucha De Gigantes
1WLEfsQjvgtFSGkrHonzFX,3E3qsTzCvTX13A1Zrw7Wnf,Robarte Un Beso
1WLEfsQjvgtFSGkrHonzFX,7eLcDZDYHXZCebtQmVFL25,Con Las Ganas
1WLEfsQjvgtFSGkrHonzFX,0CQgFG7XHyXRpSi24kl0cx,City Of Stars
1WLEfsQjvgtFSGkrHonzFX,3MRynBsyLGzv3IQ9Fip6hO,Todas Las Flores
1WLEfsQjvgtFSGkrHonzFX,7eLcDZDYHXZCebtQmVFL25,La Canci√≥n Que No Quiero Cantarte
1WLEfsQjvgtFSGkrHonzFX,0CQgFG7XHyXRpSi24kl0cx,Your Song
1WLEfsQjvgtFSGkrHonzFX,0CQgFG7XHyXRpSi24kl0cx,Tu Canci√≥n
1WLEfsQjvgtFSGkrHonzFX,0CQgFG7XHyXRpSi24kl0cx,Tu Canci√≥n - Operaci√≥n Triunfo 2017
1WLEfsQjvgtFSGkrHonzFX,0CQgFG7XHyXRpSi24kl0cx,Todo Mi Amor Eres T√∫ (I Just Can't Stop Loving You) - Operaci√≥n Triunfo 2017
1WLEfsQjvgtFSGkrHonzFX,4jKvQ93sRiKroRRaAI6Fqk,Lucha De Gigantes
1WLEfsQjvgtFSGkrHonzFX,7eLcDZDYHXZCebtQmVFL25,Lucha De Gigantes
1WLEfsQjvgtFSGkrHonzFX,3E3qsTzCvTX13A1Zrw7Wnf,Robarte Un Beso - Operaci√≥n Triunfo 2017
1WLEfsQjvgtFSGkrHonzFX,7eLcDZDYHXZCebtQmVFL25,Con Las Ganas - Operaci√≥n Triunfo 2017
1WLEfsQjvgtFSGkrHonzFX,0CQgFG7XHyXRpSi24kl0cx,City Of Stars - Operaci√≥n Triunfo 2017
1WLEfsQjvgtFSGkrHonzFX,3MRynBsyLGzv3IQ9Fip6hO,Todas Las Flores - Operaci√≥n Triunfo 2017
2UZIAOlrnyZmyzt1nuXr9y,2IMZYfNi21MGqxopj9fWx8,qu√© le pasa conmigo?
2UZIAOlrnyZmyzt1nuXr9y,5UN0rzL594mWY2RbOtZqIN,Tengo To
2UZIAOlrnyZmyzt1nuXr9y,0AqlFI0tz2DsEoJlKSIiT9,Una Foto Remix (feat. Emilia)
2UZIAOlrnyZmyzt1nuXr9y,2IMZYfNi21MGqxopj9fWx8,qu√© le pasa conmigo?
2UZIAOlrnyZmyzt1nuXr9y,5J7rXWjtn5HzUkJ4Jet8Fr,LA TERAPIA REMIX
2UZIAOlrnyZmyzt1nuXr9y,0AqlFI0tz2DsEoJlKSIiT9,intoxicao
2UZIAOlrnyZmyzt1nuXr9y,7eLcDZDYHXZCebtQmVFL25,Formentera
6JaOGIlSvYswVLPmGUheOO,52iwsT98xCoGgiGntTiR7K,NO PIENSO LLAMAR
2UZIAOlrnyZmyzt1nuXr9y,2IMZYfNi21MGqxopj9fWx8,qu√© le pasa conmigo?
2UZIAOlrnyZmyzt1nuXr9y,5UN0rzL594mWY2RbOtZqIN,Tengo To
2UZIAOlrnyZmyzt1nuXr9y,0AqlFI0tz2DsEoJlKSIiT9,Una Foto Remix (feat. Emilia)
2UZIAOlrnyZmyzt1nuXr9y,2IMZYfNi21MGqxopj9fWx8,qu√© le pasa conmigo?
2UZIAOlrnyZmyzt1nuXr9y,5J7rXWjtn5HzUkJ4Jet8Fr,LA TERAPIA REMIX
2UZIAOlrnyZmyzt1nuXr9y,0AqlFI0tz2DsEoJlKSIiT9,intoxicao
2UZIAOlrnyZmyzt1nuXr9y,7eLcDZDYHXZCebtQmVFL25,Formentera
2UZIAOlrnyZmyzt1nuXr9y,2IMZYfNi21MGqxopj9fWx8,qu√© le pasa conmigo?
2UZIAOlrnyZmyzt1nuXr9y,5UN0rzL594mWY2RbOtZqIN,Tengo To
2UZIAOlrnyZmyzt1nuXr9y,0AqlFI0tz2DsEoJlKSIiT9,Una Foto Remix (feat. Emilia)
2UZIAOlrnyZmyzt1nuXr9y,2IMZYfNi21MGqxopj9fWx8,qu√© le pasa conmigo?
2UZIAOlrnyZmyzt1nuXr9y,5J7rXWjtn5HzUkJ4Jet8Fr,LA TERAPIA REMIX
2UZIAOlrnyZmyzt1nuXr9y,0AqlFI0tz2DsEoJlKSIiT9,intoxicao
2UZIAOlrnyZmyzt1nuXr9y,7eLcDZDYHXZCebtQmVFL25,Formentera
5DUlefCLzVRzNWaNURTFpK,0ZHPrnImGh4re3TbSNkoZl,Primera Carta
5DUlefCLzVRzNWaNURTFpK,7eLcDZDYHXZCebtQmVFL25,Coldplay
5DUlefCLzVRzNWaNURTFpK,5xSx2FM8mQnrfgM1QsHniB,Nada
5DUlefCLzVRzNWaNURTFpK,07YUOmWljBTXwIseAUd9TW,Locura
5DUlefCLzVRzNWaNURTFpK,0vR2qb8m9WHeZ5ByCbimq2,Borracho De Amor
5DUlefCLzVRzNWaNURTFpK,5gOJTI4TusSENizxhcG7jB,No Hay 2 Sin 3 (Gol)
5DUlefCLzVRzNWaNURTFpK,5gOJTI4TusSENizxhcG7jB,No Hay 2 Sin 3 (Gol)
5DUlefCLzVRzNWaNURTFpK,07YUOmWljBTXwIseAUd9TW,Por Fin Te Encontr√©
5DUlefCLzVRzNWaNURTFpK,5xSx2FM8mQnrfgM1QsHniB,Nada
5DUlefCLzVRzNWaNURTFpK,07YUOmWljBTXwIseAUd9TW,Locura
5DUlefCLzVRzNWaNURTFpK,0vR2qb8m9WHeZ5ByCbimq2,Borracho De Amor
5DUlefCLzVRzNWaNURTFpK,7eLcDZDYHXZCebtQmVFL25,Coldplay
5DUlefCLzVRzNWaNURTFpK,5dbaLmK5SHLLg8Z4CcTJpX,2005
5DUlefCLzVRzNWaNURTFpK,0ZHPrnImGh4re3TbSNkoZl,Primera Carta
5DUlefCLzVRzNWaNURTFpK,5xSx2FM8mQnrfgM1QsHniB,Nada - Remix
5DUlefCLzVRzNWaNURTFpK,5dbaLmK5SHLLg8Z4CcTJpX,Desesperado (Voy A Tomar)
5DUlefCLzVRzNWaNURTFpK,5xSx2FM8mQnrfgM1QsHniB,Nada - Ac√∫stica
5DUlefCLzVRzNWaNURTFpK,5xSx2FM8mQnrfgM1QsHniB,Nada
5DUlefCLzVRzNWaNURTFpK,07YUOmWljBTXwIseAUd9TW,Locura - Remix
5DUlefCLzVRzNWaNURTFpK,07YUOmWljBTXwIseAUd9TW,Locura
5DUlefCLzVRzNWaNURTFpK,0vR2qb8m9WHeZ5ByCbimq2,Borracho De Amor
5DUlefCLzVRzNWaNURTFpK,7eLcDZDYHXZCebtQmVFL25,+
5DUlefCLzVRzNWaNURTFpK,5dbaLmK5SHLLg8Z4CcTJpX,S√≥lo M√≠a
5M9Bb4adKAgrOFOhc05Y50,7eLcDZDYHXZCebtQmVFL25,Llueve sobre mojado
5M9Bb4adKAgrOFOhc05Y50,5N3YDBGT2gUzXgLDTwPRi5,Llueve sobre mojado
5M9Bb4adKAgrOFOhc05Y50,7eLcDZDYHXZCebtQmVFL25,Llueve sobre mojado
5M9Bb4adKAgrOFOhc05Y50,5N3YDBGT2gUzXgLDTwPRi5,Llueve sobre mojado
5M9Bb4adKAgrOFOhc05Y50,7D62OQfwvslnxJn9DkZm2F,Los Domingos No Se Toman Decisiones
5M9Bb4adKAgrOFOhc05Y50,07YUOmWljBTXwIseAUd9TW,Contigo
5M9Bb4adKAgrOFOhc05Y50,7eLcDZDYHXZCebtQmVFL25,Llueve sobre mojado
5M9Bb4adKAgrOFOhc05Y50,5N3YDBGT2gUzXgLDTwPRi5,Llueve sobre mojado
5N3YDBGT2gUzXgLDTwPRi5,3bvfu2KAve4lPHrhEFDZna,Ma√±ana
5N3YDBGT2gUzXgLDTwPRi5,5M9Bb4adKAgrOFOhc05Y50,Llueve sobre mojado
5N3YDBGT2gUzXgLDTwPRi5,7eLcDZDYHXZCebtQmVFL25,Llueve sobre mojado
7c53ZFyajVMTo08HmvoB6b,7eLcDZDYHXZCebtQmVFL25,Mon Amour - Remix
52qzWdNUp6ebjcNsvgZSiC,7eLcDZDYHXZCebtQmVFL25,Aunque No Sea Conmigo
1fURW117sgaPpgIoz8YLXW,1hus2QLWtdEpTUSgopRRZq,INTRO
1fURW117sgaPpgIoz8YLXW,1hus2QLWtdEpTUSgopRRZq,CREO QUE ALGO EST√Å A PUNTO DE PASAR
1fURW117sgaPpgIoz8YLXW,1hus2QLWtdEpTUSgopRRZq,CUERPO Y SANGRE
1fURW117sgaPpgIoz8YLXW,1hus2QLWtdEpTUSgopRRZq,NUBE GRIS
1fURW117sgaPpgIoz8YLXW,1hus2QLWtdEpTUSgopRRZq,SOL NARANJA
1fURW117sgaPpgIoz8YLXW,1hus2QLWtdEpTUSgopRRZq,COMO UN CARTEL DE ABIERTO EN LA CALLE
1fURW117sgaPpgIoz8YLXW,1hus2QLWtdEpTUSgopRRZq,NO ESTABA BIEN
1fURW117sgaPpgIoz8YLXW,1hus2QLWtdEpTUSgopRRZq,CARA DE LUNES
1fURW117sgaPpgIoz8YLXW,1hus2QLWtdEpTUSgopRRZq,JAZZ DE MEDIANOCHE
1fURW117sgaPpgIoz8YLXW,1hus2QLWtdEpTUSgopRRZq,AIRE
1fURW117sgaPpgIoz8YLXW,1hus2QLWtdEpTUSgopRRZq,OTRO BARRIO
1fURW117sgaPpgIoz8YLXW,1hus2QLWtdEpTUSgopRRZq,RATAS
1fURW117sgaPpgIoz8YLXW,1hus2QLWtdEpTUSgopRRZq,AUNQUE YA NO ME BESES
1fURW117sgaPpgIoz8YLXW,1hus2QLWtdEpTUSgopRRZq,Te necesito
1fURW117sgaPpgIoz8YLXW,1hus2QLWtdEpTUSgopRRZq,Making Hits
1fURW117sgaPpgIoz8YLXW,1hus2QLWtdEpTUSgopRRZq,Pienso En Ti
1fURW117sgaPpgIoz8YLXW,1hus2QLWtdEpTUSgopRRZq,Bom Bom Bom
1fURW117sgaPpgIoz8YLXW,1hus2QLWtdEpTUSgopRRZq,Otra Noche Contigo
1fURW117sgaPpgIoz8YLXW,1hus2QLWtdEpTUSgopRRZq,Making Hits
1fURW117sgaPpgIoz8YLXW,1hus2QLWtdEpTUSgopRRZq,Pienso En Ti
1fURW117sgaPpgIoz8YLXW,1hus2QLWtdEpTUSgopRRZq,Bom Bom Bom
1fURW117sgaPpgIoz8YLXW,1hus2QLWtdEpTUSgopRRZq,Otra Noche Contigo
1fURW117sgaPpgIoz8YLXW,1hus2QLWtdEpTUSgopRRZq,Pienso En Ti
1fURW117sgaPpgIoz8YLXW,1hus2QLWtdEpTUSgopRRZq,Bom Bom Bom
1fURW117sgaPpgIoz8YLXW,1hus2QLWtdEpTUSgopRRZq,Otra Noche Contigo
1fURW117sgaPpgIoz8YLXW,1hus2QLWtdEpTUSgopRRZq,Bom Bom Bom
1fURW117sgaPpgIoz8YLXW,1hus2QLWtdEpTUSgopRRZq,Otra Noche Contigo
1fURW117sgaPpgIoz8YLXW,1hus2QLWtdEpTUSgopRRZq,Otra Noche Contigo
1fURW117sgaPpgIoz8YLXW,1hus2QLWtdEpTUSgopRRZq,AUNQUE YA NO ME BESES
1fURW117sgaPpgIoz8YLXW,1hus2QLWtdEpTUSgopRRZq,CREO QUE ALGO EST√Å A PUNTO DE PASAR
1fURW117sgaPpgIoz8YLXW,1hus2QLWtdEpTUSgopRRZq,RATAS
1fURW117sgaPpgIoz8YLXW,1hus2QLWtdEpTUSgopRRZq,NUBE GRIS
1fURW117sgaPpgIoz8YLXW,1hus2QLWtdEpTUSgopRRZq,CUERPO Y SANGRE
1fURW117sgaPpgIoz8YLXW,1hus2QLWtdEpTUSgopRRZq,Otomo
1fURW117sgaPpgIoz8YLXW,1hus2QLWtdEpTUSgopRRZq,El C√≠rculo Perfecto - Donuts 2022
1fURW117sgaPpgIoz8YLXW,1hus2QLWtdEpTUSgopRRZq,Pizza de Queso
1fURW117sgaPpgIoz8YLXW,1hus2QLWtdEpTUSgopRRZq,M√°ndame un Audio
1fURW117sgaPpgIoz8YLXW,1hus2QLWtdEpTUSgopRRZq,Esta Ciudad
1fURW117sgaPpgIoz8YLXW,1hus2QLWtdEpTUSgopRRZq,Los D√≠as Pasan Lento (Cuando T√∫ No Est√°s)
1fURW117sgaPpgIoz8YLXW,1hus2QLWtdEpTUSgopRRZq,Quiero
1fURW117sgaPpgIoz8YLXW,1hus2QLWtdEpTUSgopRRZq,Isla de Jap√≥n
1fURW117sgaPpgIoz8YLXW,1hus2QLWtdEpTUSgopRRZq,Loncha de Queso (Remix) „ÉÅ„Éº„Ç∫„ÅÆ„Çπ„É©„Ç§„Çπ.mp3
1fURW117sgaPpgIoz8YLXW,1hus2QLWtdEpTUSgopRRZq,Quiero
1fURW117sgaPpgIoz8YLXW,1hus2QLWtdEpTUSgopRRZq,Isla de Jap√≥n
1fURW117sgaPpgIoz8YLXW,1hus2QLWtdEpTUSgopRRZq,M√°ndame Un Audio - Remix
1fURW117sgaPpgIoz8YLXW,7eLcDZDYHXZCebtQmVFL25,M√°ndame Un Audio - Remix
1fURW117sgaPpgIoz8YLXW,1hus2QLWtdEpTUSgopRRZq,M√°ndame un Audio
1fURW117sgaPpgIoz8YLXW,1hus2QLWtdEpTUSgopRRZq,Cuando acab√≥ todo
1fURW117sgaPpgIoz8YLXW,1hus2QLWtdEpTUSgopRRZq,Ya No Volver√°n
1fURW117sgaPpgIoz8YLXW,1hus2QLWtdEpTUSgopRRZq,Pronto
1fURW117sgaPpgIoz8YLXW,1hus2QLWtdEpTUSgopRRZq,Te Amo
1fURW117sgaPpgIoz8YLXW,1hus2QLWtdEpTUSgopRRZq,Nuestra √öltima Primavera
1fURW117sgaPpgIoz8YLXW,1hus2QLWtdEpTUSgopRRZq,¬°Qu√© Bonita La Amapola!
1fURW117sgaPpgIoz8YLXW,1hus2QLWtdEpTUSgopRRZq,No Est√°s Aqu√≠ Pa' Curarme
1fURW117sgaPpgIoz8YLXW,1hus2QLWtdEpTUSgopRRZq,Charcos
1fURW117sgaPpgIoz8YLXW,1hus2QLWtdEpTUSgopRRZq,Intro
1fURW117sgaPpgIoz8YLXW,1hus2QLWtdEpTUSgopRRZq,Esta Noche
1fURW117sgaPpgIoz8YLXW,1hus2QLWtdEpTUSgopRRZq,Tormenta de Verano
1fURW117sgaPpgIoz8YLXW,1hus2QLWtdEpTUSgopRRZq,Loncha de Queso
1fURW117sgaPpgIoz8YLXW,1hus2QLWtdEpTUSgopRRZq,Dramambo 2
1fURW117sgaPpgIoz8YLXW,1hus2QLWtdEpTUSgopRRZq,Hasta la Muerte
1fURW117sgaPpgIoz8YLXW,1hus2QLWtdEpTUSgopRRZq,YTE
1fURW117sgaPpgIoz8YLXW,1hus2QLWtdEpTUSgopRRZq,Reggaeton Intergal√°ctico
1fURW117sgaPpgIoz8YLXW,1hus2QLWtdEpTUSgopRRZq,Granizado Ultrachungo
1fURW117sgaPpgIoz8YLXW,1hus2QLWtdEpTUSgopRRZq,Dramambo
1fURW117sgaPpgIoz8YLXW,1hus2QLWtdEpTUSgopRRZq,Pega El Sol
1hus2QLWtdEpTUSgopRRZq,1fURW117sgaPpgIoz8YLXW,INTRO
1hus2QLWtdEpTUSgopRRZq,1fURW117sgaPpgIoz8YLXW,CREO QUE ALGO EST√Å A PUNTO DE PASAR
1hus2QLWtdEpTUSgopRRZq,1fURW117sgaPpgIoz8YLXW,CUERPO Y SANGRE
1hus2QLWtdEpTUSgopRRZq,1fURW117sgaPpgIoz8YLXW,NUBE GRIS
1hus2QLWtdEpTUSgopRRZq,1fURW117sgaPpgIoz8YLXW,SOL NARANJA
1hus2QLWtdEpTUSgopRRZq,1fURW117sgaPpgIoz8YLXW,COMO UN CARTEL DE ABIERTO EN LA CALLE
1hus2QLWtdEpTUSgopRRZq,1fURW117sgaPpgIoz8YLXW,NO ESTABA BIEN
1hus2QLWtdEpTUSgopRRZq,1fURW117sgaPpgIoz8YLXW,CARA DE LUNES
1hus2QLWtdEpTUSgopRRZq,1fURW117sgaPpgIoz8YLXW,JAZZ DE MEDIANOCHE
1hus2QLWtdEpTUSgopRRZq,1fURW117sgaPpgIoz8YLXW,AIRE
1hus2QLWtdEpTUSgopRRZq,1fURW117sgaPpgIoz8YLXW,OTRO BARRIO
1hus2QLWtdEpTUSgopRRZq,1fURW117sgaPpgIoz8YLXW,RATAS
1hus2QLWtdEpTUSgopRRZq,1fURW117sgaPpgIoz8YLXW,AUNQUE YA NO ME BESES
1hus2QLWtdEpTUSgopRRZq,1fURW117sgaPpgIoz8YLXW,Te necesito
1hus2QLWtdEpTUSgopRRZq,1fURW117sgaPpgIoz8YLXW,Making Hits
1hus2QLWtdEpTUSgopRRZq,1fURW117sgaPpgIoz8YLXW,Pienso En Ti
1hus2QLWtdEpTUSgopRRZq,1fURW117sgaPpgIoz8YLXW,Bom Bom Bom
1hus2QLWtdEpTUSgopRRZq,1fURW117sgaPpgIoz8YLXW,Otra Noche Contigo
1hus2QLWtdEpTUSgopRRZq,1fURW117sgaPpgIoz8YLXW,Making Hits
1hus2QLWtdEpTUSgopRRZq,1fURW117sgaPpgIoz8YLXW,Pienso En Ti
1hus2QLWtdEpTUSgopRRZq,1fURW117sgaPpgIoz8YLXW,Bom Bom Bom
1hus2QLWtdEpTUSgopRRZq,1fURW117sgaPpgIoz8YLXW,Otra Noche Contigo
1hus2QLWtdEpTUSgopRRZq,1fURW117sgaPpgIoz8YLXW,Pienso En Ti
1hus2QLWtdEpTUSgopRRZq,1fURW117sgaPpgIoz8YLXW,Bom Bom Bom
1hus2QLWtdEpTUSgopRRZq,1fURW117sgaPpgIoz8YLXW,Otra Noche Contigo
1hus2QLWtdEpTUSgopRRZq,1fURW117sgaPpgIoz8YLXW,Bom Bom Bom
1hus2QLWtdEpTUSgopRRZq,1fURW117sgaPpgIoz8YLXW,Otra Noche Contigo
1hus2QLWtdEpTUSgopRRZq,1fURW117sgaPpgIoz8YLXW,Otra Noche Contigo
1hus2QLWtdEpTUSgopRRZq,1fURW117sgaPpgIoz8YLXW,AUNQUE YA NO ME BESES
1hus2QLWtdEpTUSgopRRZq,1fURW117sgaPpgIoz8YLXW,CREO QUE ALGO EST√Å A PUNTO DE PASAR
1hus2QLWtdEpTUSgopRRZq,1fURW117sgaPpgIoz8YLXW,RATAS
1hus2QLWtdEpTUSgopRRZq,1fURW117sgaPpgIoz8YLXW,NUBE GRIS
1hus2QLWtdEpTUSgopRRZq,1fURW117sgaPpgIoz8YLXW,CUERPO Y SANGRE
1hus2QLWtdEpTUSgopRRZq,1fURW117sgaPpgIoz8YLXW,Otomo
1hus2QLWtdEpTUSgopRRZq,1fURW117sgaPpgIoz8YLXW,El C√≠rculo Perfecto - Donuts 2022
1hus2QLWtdEpTUSgopRRZq,1fURW117sgaPpgIoz8YLXW,Pizza de Queso
1hus2QLWtdEpTUSgopRRZq,1fURW117sgaPpgIoz8YLXW,M√°ndame un Audio
1hus2QLWtdEpTUSgopRRZq,1fURW117sgaPpgIoz8YLXW,Esta Ciudad
1hus2QLWtdEpTUSgopRRZq,1fURW117sgaPpgIoz8YLXW,Los D√≠as Pasan Lento (Cuando T√∫ No Est√°s)
1hus2QLWtdEpTUSgopRRZq,1fURW117sgaPpgIoz8YLXW,Quiero
1hus2QLWtdEpTUSgopRRZq,1fURW117sgaPpgIoz8YLXW,Isla de Jap√≥n
1hus2QLWtdEpTUSgopRRZq,1fURW117sgaPpgIoz8YLXW,Loncha de Queso (Remix) „ÉÅ„Éº„Ç∫„ÅÆ„Çπ„É©„Ç§„Çπ.mp3
1hus2QLWtdEpTUSgopRRZq,1fURW117sgaPpgIoz8YLXW,Quiero
1hus2QLWtdEpTUSgopRRZq,1fURW117sgaPpgIoz8YLXW,Isla de Jap√≥n
1hus2QLWtdEpTUSgopRRZq,1fURW117sgaPpgIoz8YLXW,M√°ndame Un Audio - Remix
1hus2QLWtdEpTUSgopRRZq,7eLcDZDYHXZCebtQmVFL25,M√°ndame Un Audio - Remix
1hus2QLWtdEpTUSgopRRZq,1fURW117sgaPpgIoz8YLXW,M√°ndame un Audio
1hus2QLWtdEpTUSgopRRZq,1fURW117sgaPpgIoz8YLXW,Cuando acab√≥ todo
1hus2QLWtdEpTUSgopRRZq,1fURW117sgaPpgIoz8YLXW,Ya No Volver√°n
1hus2QLWtdEpTUSgopRRZq,1fURW117sgaPpgIoz8YLXW,Pronto
1hus2QLWtdEpTUSgopRRZq,1fURW117sgaPpgIoz8YLXW,Te Amo
1hus2QLWtdEpTUSgopRRZq,1fURW117sgaPpgIoz8YLXW,Nuestra √öltima Primavera
1hus2QLWtdEpTUSgopRRZq,1fURW117sgaPpgIoz8YLXW,¬°Qu√© Bonita La Amapola!
1hus2QLWtdEpTUSgopRRZq,1fURW117sgaPpgIoz8YLXW,No Est√°s Aqu√≠ Pa' Curarme
1hus2QLWtdEpTUSgopRRZq,1fURW117sgaPpgIoz8YLXW,Charcos
1hus2QLWtdEpTUSgopRRZq,1fURW117sgaPpgIoz8YLXW,Intro
1hus2QLWtdEpTUSgopRRZq,1fURW117sgaPpgIoz8YLXW,Esta Noche
1hus2QLWtdEpTUSgopRRZq,1fURW117sgaPpgIoz8YLXW,Tormenta de Verano
1hus2QLWtdEpTUSgopRRZq,1fURW117sgaPpgIoz8YLXW,Loncha de Queso
1hus2QLWtdEpTUSgopRRZq,1fURW117sgaPpgIoz8YLXW,Dramambo 2
1hus2QLWtdEpTUSgopRRZq,1fURW117sgaPpgIoz8YLXW,Hasta la Muerte
1hus2QLWtdEpTUSgopRRZq,1fURW117sgaPpgIoz8YLXW,YTE
1hus2QLWtdEpTUSgopRRZq,1fURW117sgaPpgIoz8YLXW,Reggaeton Intergal√°ctico
6jJ0s89eD6GaHleKKya26X,4PzYKhC14sTJNEr0dzoo0d,Cry About It Later (feat. Lu√≠sa Sonza & Bruno Martini)
6jJ0s89eD6GaHleKKya26X,2o5jDhtHVPhrJdv3cEQ99Z,Resilient (ft. Aitana) [Ti√´sto Remix]
6jJ0s89eD6GaHleKKya26X,7eLcDZDYHXZCebtQmVFL25,Resilient (ft. Aitana) [Ti√´sto Remix]
5xSx2FM8mQnrfgM1QsHniB,4PzYKhC14sTJNEr0dzoo0d,Friend De Semana
5xSx2FM8mQnrfgM1QsHniB,7eLcDZDYHXZCebtQmVFL25,Friend De Semana
5xSx2FM8mQnrfgM1QsHniB,07YUOmWljBTXwIseAUd9TW,No Bailes Sola
5xSx2FM8mQnrfgM1QsHniB,5dbaLmK5SHLLg8Z4CcTJpX,Mala Fama - Remix
5xSx2FM8mQnrfgM1QsHniB,5XsWrYhwadPBjW20qYbdZg,S√≥lo Qu√©date En Silencio
5xSx2FM8mQnrfgM1QsHniB,5C4PDR4LnhZTbVnKWXuDKD,Idiota
5xSx2FM8mQnrfgM1QsHniB,5gOJTI4TusSENizxhcG7jB,"Vuelve, Vuelve"
5xSx2FM8mQnrfgM1QsHniB,5DUlefCLzVRzNWaNURTFpK,Nada - Remix
5xSx2FM8mQnrfgM1QsHniB,5C4PDR4LnhZTbVnKWXuDKD,Dulce Navidad
5xSx2FM8mQnrfgM1QsHniB,4PzYKhC14sTJNEr0dzoo0d,Friend De Semana
5xSx2FM8mQnrfgM1QsHniB,7eLcDZDYHXZCebtQmVFL25,Friend De Semana
5xSx2FM8mQnrfgM1QsHniB,07YUOmWljBTXwIseAUd9TW,No Bailes Sola - Versi√≥n Ac√∫stica
5xSx2FM8mQnrfgM1QsHniB,5DUlefCLzVRzNWaNURTFpK,Nada - Ac√∫stica
5xSx2FM8mQnrfgM1QsHniB,3bvfu2KAve4lPHrhEFDZna,Santer√≠a
5xSx2FM8mQnrfgM1QsHniB,5DUlefCLzVRzNWaNURTFpK,Nada
5xSx2FM8mQnrfgM1QsHniB,07YUOmWljBTXwIseAUd9TW,No Bailes Sola
4PzYKhC14sTJNEr0dzoo0d,0AqlFI0tz2DsEoJlKSIiT9,bunda üçë
4PzYKhC14sTJNEr0dzoo0d,6jJ0s89eD6GaHleKKya26X,Cry About It Later (feat. Lu√≠sa Sonza & Bruno Martini)
07YUOmWljBTXwIseAUd9TW,7eLcDZDYHXZCebtQmVFL25,Las Dudas
07YUOmWljBTXwIseAUd9TW,5J7rXWjtn5HzUkJ4Jet8Fr,A D√≥nde Van
07YUOmWljBTXwIseAUd9TW,5M9Bb4adKAgrOFOhc05Y50,Contigo
07YUOmWljBTXwIseAUd9TW,0vR2qb8m9WHeZ5ByCbimq2,Un A√±o
07YUOmWljBTXwIseAUd9TW,0ZHPrnImGh4re3TbSNkoZl,Vuelve
07YUOmWljBTXwIseAUd9TW,5DUlefCLzVRzNWaNURTFpK,Traicionera - Remix
07YUOmWljBTXwIseAUd9TW,7eLcDZDYHXZCebtQmVFL25,Akureyri
07YUOmWljBTXwIseAUd9TW,5M9Bb4adKAgrOFOhc05Y50,Contigo
07YUOmWljBTXwIseAUd9TW,5xSx2FM8mQnrfgM1QsHniB,No Bailes Sola - Versi√≥n Ac√∫stica
07YUOmWljBTXwIseAUd9TW,7eLcDZDYHXZCebtQmVFL25,Coraz√≥n Sin Vida
07YUOmWljBTXwIseAUd9TW,5J7rXWjtn5HzUkJ4Jet8Fr,A D√≥nde Van
07YUOmWljBTXwIseAUd9TW,5DUlefCLzVRzNWaNURTFpK,Locura - Remix
07YUOmWljBTXwIseAUd9TW,5xSx2FM8mQnrfgM1QsHniB,No Bailes Sola
07YUOmWljBTXwIseAUd9TW,5C4PDR4LnhZTbVnKWXuDKD,Bajo La Mesa
07YUOmWljBTXwIseAUd9TW,5DUlefCLzVRzNWaNURTFpK,Locura
4ckWVaYN8j0EZrNFRHmxZx,0ZHPrnImGh4re3TbSNkoZl,SANTORINI REMIX
4ckWVaYN8j0EZrNFRHmxZx,7D62OQfwvslnxJn9DkZm2F,Soy Un Chulo
4ckWVaYN8j0EZrNFRHmxZx,7eLcDZDYHXZCebtQmVFL25,Tu Foto Del DNI
5C4PDR4LnhZTbVnKWXuDKD,5xSx2FM8mQnrfgM1QsHniB,Idiota
5C4PDR4LnhZTbVnKWXuDKD,07YUOmWljBTXwIseAUd9TW,Bajo La Mesa
5C4PDR4LnhZTbVnKWXuDKD,7eLcDZDYHXZCebtQmVFL25,Presiento
5C4PDR4LnhZTbVnKWXuDKD,5DUlefCLzVRzNWaNURTFpK,Mil Tormentas
5C4PDR4LnhZTbVnKWXuDKD,5DUlefCLzVRzNWaNURTFpK,Mil Tormentas
5C4PDR4LnhZTbVnKWXuDKD,5xSx2FM8mQnrfgM1QsHniB,Idiota
5C4PDR4LnhZTbVnKWXuDKD,0ZHPrnImGh4re3TbSNkoZl,Porfa no te vayas
5C4PDR4LnhZTbVnKWXuDKD,5xSx2FM8mQnrfgM1QsHniB,Dulce Navidad
5C4PDR4LnhZTbVnKWXuDKD,7eLcDZDYHXZCebtQmVFL25,M√°s De Lo Que Apost√©
5C4PDR4LnhZTbVnKWXuDKD,0vR2qb8m9WHeZ5ByCbimq2,La Bella y la Bestia
5C4PDR4LnhZTbVnKWXuDKD,07YUOmWljBTXwIseAUd9TW,Bajo La Mesa
0vR2qb8m9WHeZ5ByCbimq2,0ZHPrnImGh4re3TbSNkoZl,Mirando a la luna (feat. Reik)
0vR2qb8m9WHeZ5ByCbimq2,5C4PDR4LnhZTbVnKWXuDKD,La Bella y la Bestia
0vR2qb8m9WHeZ5ByCbimq2,7vXDAI8JwjW531ouMGbfcp,B√©same (I Need You) (with TINI & Reik)
0vR2qb8m9WHeZ5ByCbimq2,7eLcDZDYHXZCebtQmVFL25,Enemigos
5gOJTI4TusSENizxhcG7jB,7eLcDZDYHXZCebtQmVFL25,Si T√∫ La Quieres
5gOJTI4TusSENizxhcG7jB,7vXDAI8JwjW531ouMGbfcp,"Todo Es Posible - Tema Principal De La Pel√≠cula ""Tadeo Jones 2 El Secreto Del Rey Midas"""
5gOJTI4TusSENizxhcG7jB,07YUOmWljBTXwIseAUd9TW,A Partir De Hoy
5gOJTI4TusSENizxhcG7jB,5dbaLmK5SHLLg8Z4CcTJpX,Perd√≥n
5gOJTI4TusSENizxhcG7jB,7eLcDZDYHXZCebtQmVFL25,Si T√∫ La Quieres
5gOJTI4TusSENizxhcG7jB,5xSx2FM8mQnrfgM1QsHniB,"Vuelve, Vuelve"
5gOJTI4TusSENizxhcG7jB,7eLcDZDYHXZCebtQmVFL25,Si T√∫ La Quieres
5DUlefCLzVRzNWaNURTFpK,0ZHPrnImGh4re3TbSNkoZl,Primera Carta
5DUlefCLzVRzNWaNURTFpK,7eLcDZDYHXZCebtQmVFL25,Coldplay
5DUlefCLzVRzNWaNURTFpK,5xSx2FM8mQnrfgM1QsHniB,Nada
5DUlefCLzVRzNWaNURTFpK,07YUOmWljBTXwIseAUd9TW,Locura
5DUlefCLzVRzNWaNURTFpK,0vR2qb8m9WHeZ5ByCbimq2,Borracho De Amor
5DUlefCLzVRzNWaNURTFpK,5gOJTI4TusSENizxhcG7jB,No Hay 2 Sin 3 (Gol)
5DUlefCLzVRzNWaNURTFpK,5gOJTI4TusSENizxhcG7jB,No Hay 2 Sin 3 (Gol)
5DUlefCLzVRzNWaNURTFpK,07YUOmWljBTXwIseAUd9TW,Por Fin Te Encontr√©
5DUlefCLzVRzNWaNURTFpK,5xSx2FM8mQnrfgM1QsHniB,Nada
5DUlefCLzVRzNWaNURTFpK,07YUOmWljBTXwIseAUd9TW,Locura
5DUlefCLzVRzNWaNURTFpK,0vR2qb8m9WHeZ5ByCbimq2,Borracho De Amor
5DUlefCLzVRzNWaNURTFpK,7eLcDZDYHXZCebtQmVFL25,Coldplay
5DUlefCLzVRzNWaNURTFpK,5dbaLmK5SHLLg8Z4CcTJpX,2005
5DUlefCLzVRzNWaNURTFpK,0ZHPrnImGh4re3TbSNkoZl,Primera Carta
5DUlefCLzVRzNWaNURTFpK,5xSx2FM8mQnrfgM1QsHniB,Nada - Remix
5DUlefCLzVRzNWaNURTFpK,5dbaLmK5SHLLg8Z4CcTJpX,Desesperado (Voy A Tomar)
5DUlefCLzVRzNWaNURTFpK,5xSx2FM8mQnrfgM1QsHniB,Nada - Ac√∫stica
5DUlefCLzVRzNWaNURTFpK,5xSx2FM8mQnrfgM1QsHniB,Nada
5DUlefCLzVRzNWaNURTFpK,07YUOmWljBTXwIseAUd9TW,Locura - Remix
5DUlefCLzVRzNWaNURTFpK,07YUOmWljBTXwIseAUd9TW,Locura
5DUlefCLzVRzNWaNURTFpK,0vR2qb8m9WHeZ5ByCbimq2,Borracho De Amor
5DUlefCLzVRzNWaNURTFpK,7eLcDZDYHXZCebtQmVFL25,+
5DUlefCLzVRzNWaNURTFpK,5dbaLmK5SHLLg8Z4CcTJpX,S√≥lo M√≠a
5C4PDR4LnhZTbVnKWXuDKD,5xSx2FM8mQnrfgM1QsHniB,Idiota
5C4PDR4LnhZTbVnKWXuDKD,07YUOmWljBTXwIseAUd9TW,Bajo La Mesa
5C4PDR4LnhZTbVnKWXuDKD,7eLcDZDYHXZCebtQmVFL25,Presiento
5C4PDR4LnhZTbVnKWXuDKD,5DUlefCLzVRzNWaNURTFpK,Mil Tormentas
5C4PDR4LnhZTbVnKWXuDKD,5DUlefCLzVRzNWaNURTFpK,Mil Tormentas
5C4PDR4LnhZTbVnKWXuDKD,5xSx2FM8mQnrfgM1QsHniB,Idiota
5C4PDR4LnhZTbVnKWXuDKD,0ZHPrnImGh4re3TbSNkoZl,Porfa no te vayas
5C4PDR4LnhZTbVnKWXuDKD,5xSx2FM8mQnrfgM1QsHniB,Dulce Navidad
5C4PDR4LnhZTbVnKWXuDKD,7eLcDZDYHXZCebtQmVFL25,M√°s De Lo Que Apost√©
5C4PDR4LnhZTbVnKWXuDKD,0vR2qb8m9WHeZ5ByCbimq2,La Bella y la Bestia
5C4PDR4LnhZTbVnKWXuDKD,07YUOmWljBTXwIseAUd9TW,Bajo La Mesa
6i3DxIlAqnDkwELLw4aVrx,5dbaLmK5SHLLg8Z4CcTJpX,LAS BURBUJAS DEL JACUZZI
6i3DxIlAqnDkwELLw4aVrx,7eLcDZDYHXZCebtQmVFL25,TEL√âFONO - Remix
6i3DxIlAqnDkwELLw4aVrx,5dbaLmK5SHLLg8Z4CcTJpX,LAS BURBUJAS DEL JACUZZI
6i3DxIlAqnDkwELLw4aVrx,7eLcDZDYHXZCebtQmVFL25,TEL√âFONO - Remix
3MRynBsyLGzv3IQ9Fip6hO,7eLcDZDYHXZCebtQmVFL25,Lo Malo - Remix
3MRynBsyLGzv3IQ9Fip6hO,5dbaLmK5SHLLg8Z4CcTJpX,Lo Malo - Remix
3MRynBsyLGzv3IQ9Fip6hO,7vXDAI8JwjW531ouMGbfcp,Lo Malo - Remix
3MRynBsyLGzv3IQ9Fip6hO,7eLcDZDYHXZCebtQmVFL25,Lo Malo
3MRynBsyLGzv3IQ9Fip6hO,0CQgFG7XHyXRpSi24kl0cx,Solo Si Es Contigo
3MRynBsyLGzv3IQ9Fip6hO,7eLcDZDYHXZCebtQmVFL25,Solo Si Es Contigo
3MRynBsyLGzv3IQ9Fip6hO,1WLEfsQjvgtFSGkrHonzFX,Todas Las Flores
3MRynBsyLGzv3IQ9Fip6hO,5AMBCoLbNgVCbA3XYMRlks,Culpable O No
3MRynBsyLGzv3IQ9Fip6hO,7eLcDZDYHXZCebtQmVFL25,Lo Malo - Remix
3MRynBsyLGzv3IQ9Fip6hO,5dbaLmK5SHLLg8Z4CcTJpX,Lo Malo - Remix
3MRynBsyLGzv3IQ9Fip6hO,7vXDAI8JwjW531ouMGbfcp,Lo Malo - Remix
3MRynBsyLGzv3IQ9Fip6hO,7eLcDZDYHXZCebtQmVFL25,Lo Malo - Operaci√≥n Triunfo 2017
3MRynBsyLGzv3IQ9Fip6hO,0CQgFG7XHyXRpSi24kl0cx,Solo Si Es Contigo - Operaci√≥n Triunfo 2017
3MRynBsyLGzv3IQ9Fip6hO,7eLcDZDYHXZCebtQmVFL25,Solo Si Es Contigo - Operaci√≥n Triunfo 2017
3MRynBsyLGzv3IQ9Fip6hO,1WLEfsQjvgtFSGkrHonzFX,Todas Las Flores - Operaci√≥n Triunfo 2017
5dbaLmK5SHLLg8Z4CcTJpX,6i3DxIlAqnDkwELLw4aVrx,LAS BURBUJAS DEL JACUZZI
5dbaLmK5SHLLg8Z4CcTJpX,5DUlefCLzVRzNWaNURTFpK,2005
5dbaLmK5SHLLg8Z4CcTJpX,5DUlefCLzVRzNWaNURTFpK,Desesperado (Voy A Tomar)
5dbaLmK5SHLLg8Z4CcTJpX,5DUlefCLzVRzNWaNURTFpK,S√≥lo M√≠a
5dbaLmK5SHLLg8Z4CcTJpX,5xSx2FM8mQnrfgM1QsHniB,Mala Fama - Remix
5dbaLmK5SHLLg8Z4CcTJpX,7vXDAI8JwjW531ouMGbfcp,22
7vXDAI8JwjW531ouMGbfcp,07YUOmWljBTXwIseAUd9TW,Oye
7vXDAI8JwjW531ouMGbfcp,5dbaLmK5SHLLg8Z4CcTJpX,22
7vXDAI8JwjW531ouMGbfcp,07YUOmWljBTXwIseAUd9TW,Quiero Volver
7vXDAI8JwjW531ouMGbfcp,5DUlefCLzVRzNWaNURTFpK,Por Qu√© Te Vas
7vXDAI8JwjW531ouMGbfcp,5C4PDR4LnhZTbVnKWXuDKD,Consejo de Amor (feat. Morat)
7vXDAI8JwjW531ouMGbfcp,07YUOmWljBTXwIseAUd9TW,Ya No Hay Nadie Que Nos Pare
7vXDAI8JwjW531ouMGbfcp,0AqlFI0tz2DsEoJlKSIiT9,La_Original.mp3
7vXDAI8JwjW531ouMGbfcp,3bvfu2KAve4lPHrhEFDZna,High (Remix)
7vXDAI8JwjW531ouMGbfcp,0vR2qb8m9WHeZ5ByCbimq2,B√©same (I Need You) (with TINI & Reik)
7vXDAI8JwjW531ouMGbfcp,07YUOmWljBTXwIseAUd9TW,Oye
7vXDAI8JwjW531ouMGbfcp,5dbaLmK5SHLLg8Z4CcTJpX,22
